file,benchmark,transactions,B/op,allocs/op,applied-MiB/s,applied-batches/s,applied-before-commit-pct,avg-tx-per-fetch,empty-fetches,fetch-limit,ns/op,offered-writes/s,p50-commit-to-apply-us,p50-commit-us,p50-journal-append-us,p50-op-to-apply-us,p50-remaining-us,p50-schedule-lag-us,p50-write-us,p99-commit-to-apply-us,p99-commit-us,p99-journal-append-us,p99-op-to-apply-us,p99-remaining-us,p99-schedule-lag-us,p99-tx-per-fetch,p99-write-us,writers,writes/s,written-MiB/s
change-log-saturation.txt,BenchmarkChangeLogCounterControl/SingleRow-14,50734,2719.0,39.0,0.5123,2098.0,80.73,,,,476570.0,,388.0,451.6,4750.0,5580.0,0.0,,5644.0,568.2,642.2,30175.0,31014.0,79.0,,,31064.0,16.0,2098.0,0.5123
change-log-saturation.txt,BenchmarkChangeLogCounterControl/SingleRow-14,47312,2721.0,39.0,0.4834,1980.0,78.88,,,,505040.0,,410.2,474.0,5039.0,5925.0,0.0,,5987.0,623.7,700.8,31595.0,32470.0,90.67,,,32501.0,16.0,1980.0,0.4834
change-log-saturation.txt,BenchmarkChangeLogCounterControl/SingleRow-14,47527,2721.0,39.0,0.4899,2007.0,80.34,,,,498348.0,,404.9,469.8,4933.0,5794.0,0.0,,5860.0,595.6,674.8,31542.0,32419.0,87.42,,,32452.0,16.0,2007.0,0.4899
change-log-saturation.txt,BenchmarkChangeLogCounterControl/Batch16-14,34059,57918.0,251.0,22.5,1440.0,8.885,,,,694358.0,,637.0,532.3,5653.0,7420.0,104.7,,7294.0,2622.0,2242.0,80823.0,85096.0,791.2,,,85009.0,16.0,1440.0,22.5
change-log-saturation.txt,BenchmarkChangeLogCounterControl/Batch16-14,41340,57921.0,251.0,26.28,1682.0,8.774,,,,594664.0,,630.4,530.5,5542.0,6887.0,99.42,,6774.0,1354.0,1054.0,41306.0,43166.0,330.0,,,43077.0,16.0,1682.0,26.28
change-log-saturation.txt,BenchmarkChangeLogCounterControl/Batch16-14,41172,57920.0,251.0,27.83,1781.0,8.737,,,,561473.0,,617.8,522.8,5369.0,6573.0,94.92,,6476.0,866.0,776.5,36295.0,37610.0,288.6,,,37490.0,16.0,1781.0,27.83
change-log-saturation.txt,BenchmarkChangeLogTransport/Writers16/SingleRow/JournalPoll-14,48390,3542.0,37.0,0.499,2044.0,0.2067,20.43,2.0,128.0,489215.0,,5463.0,446.2,4893.0,11487.0,4998.0,,5772.0,10399.0,625.6,30806.0,37376.0,9882.0,,22.0,31692.0,16.0,2044.0,0.4991
change-log-saturation.txt,BenchmarkChangeLogTransport/Writers16/SingleRow/JournalPoll-14,48794,3542.0,37.0,0.4943,2025.0,0.2008,20.27,6.0,128.0,493913.0,,5466.0,447.0,4986.0,11539.0,5023.0,,5879.0,10392.0,628.3,31154.0,37840.0,9896.0,,22.0,32049.0,16.0,2025.0,0.4945
change-log-saturation.txt,BenchmarkChangeLogTransport/Writers16/SingleRow/JournalPoll-14,48168,3542.0,37.0,0.5051,2069.0,0.2699,20.72,6.0,128.0,483332.0,,5450.0,440.0,4909.0,11445.0,5007.0,,5769.0,10378.0,619.6,29868.0,36147.0,9870.0,,22.0,30762.0,16.0,2069.0,0.5052
change-log-saturation.txt,BenchmarkChangeLogTransport/Writers16/SingleRow/JournalNotifyInTransaction-14,43166,4941.0,62.0,0.4418,1810.0,2.412,1.007,2689.0,128.0,552581.0,,798.6,508.0,5602.0,6884.0,286.2,,6600.0,1050.0,701.5,34550.0,35784.0,475.9,,1.0,35486.0,16.0,1810.0,0.4418
change-log-saturation.txt,BenchmarkChangeLogTransport/Writers16/SingleRow/JournalNotifyInTransaction-14,40272,4944.0,62.0,0.4451,1823.0,2.356,1.007,2480.0,128.0,548542.0,,794.8,505.0,5529.0,6801.0,285.8,,6516.0,1023.0,685.5,33958.0,35239.0,467.1,,1.0,34916.0,16.0,1823.0,0.4451
change-log-saturation.txt,BenchmarkChangeLogTransport/Writers16/SingleRow/JournalNotifyInTransaction-14,43500,4942.0,62.0,0.4391,1799.0,2.471,1.007,2731.0,128.0,555981.0,,803.0,510.2,5601.0,6886.0,288.6,,6600.0,1045.0,701.3,35006.0,36298.0,475.5,,1.0,36043.0,16.0,1799.0,0.4391
change-log-saturation.txt,BenchmarkChangeLogTransport/Writers16/SingleRow/JournalNotifyAfterCommit-14,42711,4760.0,67.0,0.4232,1733.0,25.63,1.105,6524.0,128.0,576896.0,,603.0,536.0,4388.0,5596.0,72.75,,5483.0,1389.0,819.0,43761.0,44928.0,690.0,,2.0,44889.0,16.0,1733.0,0.4232
change-log-saturation.txt,BenchmarkChangeLogTransport/Writers16/SingleRow/JournalNotifyAfterCommit-14,42883,4760.0,67.0,0.4262,1746.0,26.54,1.105,6502.0,128.0,572781.0,,599.3,535.8,4310.0,5515.0,68.79,,5399.0,1357.0,816.5,43815.0,45099.0,697.8,,2.0,44918.0,16.0,1746.0,0.4262
change-log-saturation.txt,BenchmarkChangeLogTransport/Writers16/SingleRow/JournalNotifyAfterCommit-14,42639,4760.0,67.0,0.4361,1786.0,26.81,1.095,6096.0,128.0,559850.0,,592.0,530.0,4176.0,5340.0,66.17,,5245.0,1282.0,744.9,42027.0,43336.0,664.1,,2.0,43184.0,16.0,1786.0,0.4361
change-log-saturation.txt,BenchmarkChangeLogTransport/Writers16/SingleRow/LogicalSlot-14,184894,2503.0,34.0,1.903,7796.0,27.13,,,,128274.0,,1075.0,990.5,,2116.0,70.04,,2030.0,1665.0,1546.0,,2946.0,499.0,,,2828.0,16.0,7796.0,1.903
change-log-saturation.txt,BenchmarkChangeLogTransport/Writers16/SingleRow/LogicalSlot-14,189067,2503.0,34.0,1.92,7866.0,28.85,,,,127133.0,,1059.0,977.8,,2096.0,67.46,,2014.0,1646.0,1523.0,,2901.0,504.4,,,2794.0,16.0,7866.0,1.92
change-log-saturation.txt,BenchmarkChangeLogTransport/Writers16/SingleRow/LogicalSlot-14,176284,2502.0,34.0,1.86,7619.0,27.9,,,,131252.0,,1088.0,1003.0,,2147.0,72.54,,2060.0,1793.0,1654.0,,3135.0,522.8,,,3017.0,16.0,7619.0,1.86
change-log-saturation.txt,BenchmarkChangeLogTransport/Writers16/Batch16/JournalPoll-14,36056,93431.0,43.0,20.42,1307.0,0.01109,13.68,124.0,128.0,765091.0,,6256.0,496.2,7183.0,14428.0,5749.0,,8377.0,11337.0,1231.0,55635.0,64060.0,10473.0,,17.0,57813.0,16.0,1307.0,20.43
change-log-saturation.txt,BenchmarkChangeLogTransport/Writers16/Batch16/JournalPoll-14,34900,93405.0,43.0,20.52,1314.0,0.002865,13.77,126.0,128.0,761317.0,,6201.0,500.4,6960.0,14201.0,5678.0,,8135.0,11174.0,1185.0,55760.0,63216.0,10288.0,,17.0,57635.0,16.0,1314.0,20.53
change-log-saturation.txt,BenchmarkChangeLogTransport/Writers16/Batch16/JournalPoll-14,35833,93405.0,43.0,18.84,1206.0,0.008372,13.78,373.0,128.0,829475.0,,6226.0,506.4,7080.0,14308.0,5700.0,,8286.0,11213.0,1294.0,54907.0,63099.0,10312.0,,17.0,56914.0,16.0,1206.0,18.84
change-log-saturation.txt,BenchmarkChangeLogTransport/Writers16/Batch16/JournalNotifyInTransaction-14,32910,94902.0,68.0,16.83,1077.0,1.136,1.006,3180.0,128.0,928404.0,,978.8,570.5,7525.0,9185.0,396.0,,8766.0,6590.0,6113.0,67302.0,71134.0,709.3,,1.0,70393.0,16.0,1077.0,16.83
change-log-saturation.txt,BenchmarkChangeLogTransport/Writers16/Batch16/JournalNotifyInTransaction-14,24074,95271.0,68.0,18.79,1203.0,1.142,1.004,2103.0,128.0,831588.0,,985.2,572.9,7469.0,9096.0,399.1,,8695.0,6614.0,6221.0,63115.0,65130.0,692.3,,1.0,64716.0,16.0,1203.0,18.79
change-log-saturation.txt,BenchmarkChangeLogTransport/Writers16/Batch16/JournalNotifyInTransaction-14,33562,94906.0,68.0,16.4,1050.0,1.138,1.005,3330.0,128.0,952520.0,,987.3,578.5,7808.0,9502.0,398.8,,9087.0,6912.0,6511.0,89933.0,94387.0,776.3,,1.0,93470.0,16.0,1050.0,16.4
change-log-saturation.txt,BenchmarkChangeLogTransport/Writers16/Batch16/JournalNotifyAfterCommit-14,33262,94713.0,72.0,15.74,1008.0,9.861,1.241,9633.0,128.0,992402.0,,817.2,600.7,6460.0,8159.0,229.4,,7758.0,6315.0,3803.0,73695.0,76598.0,1040.0,,2.0,76318.0,16.0,1008.0,15.74
change-log-saturation.txt,BenchmarkChangeLogTransport/Writers16/Batch16/JournalNotifyAfterCommit-14,25374,95107.0,73.0,15.71,1006.0,9.6,1.236,7360.0,128.0,994470.0,,812.8,597.8,6944.0,8589.0,232.7,,8234.0,7238.0,6548.0,102150.0,104970.0,989.2,,2.0,104326.0,16.0,1006.0,15.71
change-log-saturation.txt,BenchmarkChangeLogTransport/Writers16/Batch16/JournalNotifyAfterCommit-14,33400,94689.0,72.0,20.71,1326.0,9.689,1.241,8983.0,128.0,754291.0,,814.7,597.5,6262.0,7930.0,230.5,,7562.0,1763.0,930.9,57580.0,59889.0,978.0,,2.0,59611.0,16.0,1326.0,20.71
change-log-saturation.txt,BenchmarkChangeLogTransport/Writers16/Batch16/LogicalSlot-14,127304,57689.0,246.0,55.3,3539.0,1.791,,,,282565.0,,1870.0,1188.0,,3437.0,612.8,,2731.0,24738.0,21418.0,,28556.0,5592.0,,,24049.0,16.0,3539.0,55.3
change-log-saturation.txt,BenchmarkChangeLogTransport/Writers16/Batch16/LogicalSlot-14,117054,57690.0,246.0,57.88,3704.0,1.748,,,,269942.0,,1879.0,1197.0,,3416.0,622.8,,2728.0,15954.0,14519.0,,17687.0,2616.0,,,16134.0,16.0,3705.0,57.88
change-log-saturation.txt,BenchmarkChangeLogTransport/Writers16/Batch16/LogicalSlot-14,130528,57689.0,246.0,61.42,3931.0,1.888,,,,254404.0,,1773.0,1164.0,,3278.0,561.5,,2663.0,20273.0,18698.0,,23866.0,2301.0,,,23084.0,16.0,3931.0,61.42
change-log-pipelined.txt,BenchmarkChangeLogPipelined/SingleRow-14,85604,4015.0,53.0,0.8579,3514.0,0.257,35.14,3.0,128.0,284574.0,,8406.0,2546.0,2542.0,8939.0,4994.0,,3086.0,25824.0,20031.0,20029.0,26359.0,9878.0,,39.0,20580.0,16.0,3515.0,0.8582
change-log-pipelined.txt,BenchmarkChangeLogPipelined/SingleRow-14,85998,4014.0,53.0,0.8458,3464.0,0.2372,34.72,8.0,128.0,288657.0,,8456.0,2609.0,2606.0,9011.0,5006.0,,3162.0,25881.0,20031.0,20028.0,26435.0,9892.0,,39.0,20597.0,16.0,3464.0,0.8458
change-log-pipelined.txt,BenchmarkChangeLogPipelined/SingleRow-14,80090,4017.0,53.0,0.8624,3532.0,0.2809,35.33,3.0,128.0,283110.0,,8437.0,2605.0,2602.0,8978.0,5005.0,,3151.0,25208.0,19360.0,19357.0,25729.0,9884.0,,38.0,19911.0,16.0,3533.0,0.8625
change-log-pipelined.txt,BenchmarkChangeLogPipelined/Batch16-14,56904,93884.0,58.0,36.09,2310.0,0.0,23.78,73.0,128.0,432950.0,,10479.0,3817.0,3814.0,11661.0,6248.0,,4673.0,37907.0,30922.0,30919.0,39134.0,10481.0,,28.0,31869.0,16.0,2310.0,36.1
change-log-pipelined.txt,BenchmarkChangeLogPipelined/Batch16-14,56144,93903.0,58.0,29.99,1920.0,0.01069,20.8,228.0,128.0,520933.0,,10692.0,4008.0,4007.0,11748.0,6178.0,,4857.0,63592.0,55999.0,55997.0,64250.0,10382.0,,28.0,56599.0,16.0,1920.0,30.0
change-log-pipelined.txt,BenchmarkChangeLogPipelined/Batch16-14,58652,93711.0,59.0,22.02,1409.0,0.01705,17.76,861.0,128.0,709512.0,,11197.0,4370.0,4369.0,12037.0,6094.0,,5211.0,96252.0,92549.0,92547.0,97053.0,10420.0,,28.0,93305.0,16.0,1410.0,22.03
change-log-at-rate.txt,BenchmarkChangeLogTransportAtRate/Writers16At1000PerSec/SingleRow/JournalNotifyInTransaction-14,24000,5225.0,66.0,0.2441,1000.0,0.1208,1.001,2421.0,128.0,999994.0,1000.0,480.9,288.4,188.3,1009.0,191.7,30.88,818.0,1851.0,1476.0,11796.0,14115.0,462.8,29810.0,1.0,13954.0,16.0,1000.0,0.2441
change-log-at-rate.txt,BenchmarkChangeLogTransportAtRate/Writers16At1000PerSec/SingleRow/JournalPollPipelined-14,23977,4316.0,57.0,0.2441,999.7,0.04588,10.03,11.0,128.0,1000268.0,1000.0,5586.0,302.3,299.7,6316.0,5134.0,51.54,649.5,10562.0,1737.0,1714.0,11250.0,10088.0,1840.0,12.0,3147.0,16.0,1000.0,0.2441
change-log-at-rate.txt,BenchmarkChangeLogTransportAtRate/Writers16At1000PerSec/SingleRow/LogicalSlot-14,24000,2791.0,39.0,0.2441,1000.0,26.51,,,,999987.0,1000.0,334.1,321.5,,710.0,5.916,51.5,696.6,746.5,703.9,,1731.0,143.4,196.0,,1706.0,16.0,1000.0,0.2441
change-log-at-rate.txt,BenchmarkChangeLogTransportAtRate/Writers16At1000PerSec/Batch16/JournalNotifyInTransaction-14,23997,95535.0,71.0,15.62,1000.0,0.0375,1.001,2415.0,128.0,1000015.0,1000.0,574.9,303.5,345.7,1359.0,269.2,36.83,1092.0,1110.0,678.2,13060.0,14728.0,521.9,42987.0,1.0,14358.0,16.0,1000.0,15.62
change-log-at-rate.txt,BenchmarkChangeLogTransportAtRate/Writers16At1000PerSec/Batch16/JournalPollPipelined-14,23997,94504.0,62.0,15.62,999.9,0.004167,10.07,19.0,128.0,1000068.0,1000.0,6111.0,460.4,457.5,6513.0,5598.0,32.33,873.9,13650.0,7268.0,7254.0,14516.0,10289.0,16951.0,17.0,7935.0,16.0,1000.0,15.62
change-log-at-rate.txt,BenchmarkChangeLogTransportAtRate/Writers16At1000PerSec/Batch16/LogicalSlot-14,24000,58004.0,251.0,15.63,1000.0,0.02917,,,,999995.0,1000.0,448.1,284.7,,817.1,161.0,36.46,654.0,1943.0,1492.0,,2857.0,351.0,71.12,,2427.0,16.0,1000.0,15.63
change-log-concurrency.txt,BenchmarkChangeLogTransport/Writers64/SingleRow/JournalPoll-14,33933,3549.0,37.0,0.4512,1848.0,1.238,18.53,10.0,128.0,541066.0,,5571.0,681.4,22777.0,29020.0,4867.0,,24033.0,10517.0,1213.0,159359.0,164902.0,9781.0,,21.0,160982.0,64.0,1849.0,0.4514
change-log-concurrency.txt,BenchmarkChangeLogTransport/Writers64/SingleRow/JournalPollPipelined-14,58370,4027.0,53.0,0.8046,3296.0,1.009,33.01,9.0,128.0,303422.0,,18047.0,12994.0,12991.0,18649.0,4909.0,,13592.0,90949.0,86019.0,86016.0,91591.0,9848.0,,37.0,86601.0,64.0,3297.0,0.805
