file,benchmark,transactions,B/op,allocs/op,applied-MiB/s,applied-batches/s,applied-before-commit-pct,avg-tx-per-fetch,empty-fetches,fetch-limit,gap-fills,gap-observations,injected-rollbacks,ns/op,offered-writes/s,p50-arrival-to-apply-us,p50-commit-to-apply-us,p50-commit-us,p50-journal-append-us,p50-op-to-apply-us,p50-remaining-us,p50-schedule-lag-us,p50-write-us,p99-arrival-to-apply-us,p99-commit-to-apply-us,p99-commit-us,p99-journal-append-us,p99-op-to-apply-us,p99-remaining-us,p99-schedule-lag-us,p99-tx-per-fetch,p99-write-us,repair-lock-timeouts,sequence-retries,writers,writes/s,written-MiB/s
sequence-saturation.txt,BenchmarkSequenceJournal/SingleRow/SequencePoll-14,100000,3388.0,34.0,1.619,6631.0,0.051,66.71,4.0,128.0,0.0,372.0,0.0,150806.0,,,6161.0,906.3,488.8,7628.0,5234.0,,2382.0,,11213.0,1424.0,859.9,12772.0,10214.0,,74.0,3206.0,0.0,0.0,16.0,6634.0,1.62
sequence-saturation.txt,BenchmarkSequenceJournal/SingleRow/SequencePoll-14,100000,3388.0,34.0,1.554,6367.0,0.056,63.97,2.0,128.0,0.0,358.0,0.0,157061.0,,,6176.0,943.7,510.9,7711.0,5211.0,,2483.0,,11266.0,1536.0,909.0,12895.0,10220.0,,72.0,3428.0,0.0,0.0,16.0,6368.0,1.555
sequence-saturation.txt,BenchmarkSequenceJournal/SingleRow/SequencePoll-14,100000,3389.0,34.0,1.537,6295.0,0.049,63.3,2.0,128.0,0.0,394.0,0.0,158857.0,,,6203.0,953.5,515.1,7760.0,5230.0,,2502.0,,11276.0,1626.0,933.5,12943.0,10232.0,,72.0,3694.0,0.0,0.0,16.0,6297.0,1.537
sequence-saturation.txt,BenchmarkSequenceJournal/SingleRow/SequencePollPipelined-14,100000,3880.0,51.0,2.001,8197.0,0.035,82.14,3.0,128.0,0.0,121.0,0.0,122002.0,,,6221.0,949.2,947.0,7179.0,5249.0,,1926.0,,11243.0,1489.0,1487.0,12281.0,10203.0,,91.0,2691.0,0.0,0.0,16.0,8198.0,2.001
sequence-saturation.txt,BenchmarkSequenceJournal/SingleRow/SequencePollPipelined-14,100000,3881.0,51.0,1.996,8175.0,0.037,81.9,2.0,128.0,0.0,147.0,0.0,122324.0,,,6230.0,953.4,951.1,7205.0,5265.0,,1934.0,,11249.0,1508.0,1505.0,12296.0,10195.0,,91.0,2716.0,0.0,0.0,16.0,8176.0,1.996
sequence-saturation.txt,BenchmarkSequenceJournal/SingleRow/SequencePollPipelined-14,100000,3882.0,51.0,1.945,7967.0,0.029,79.94,4.0,128.0,0.0,148.0,0.0,125520.0,,,6267.0,968.0,966.0,7256.0,5270.0,,1958.0,,11336.0,1742.0,1740.0,12421.0,10203.0,,91.0,3118.0,0.0,0.0,16.0,7974.0,1.947
sequence-saturation.txt,BenchmarkSequenceJournal/SingleRow/JournalPollPipelined-14,100000,4017.0,53.0,0.8754,3586.0,0.254,35.87,4.0,128.0,,,,278888.0,,,8387.0,2552.0,2550.0,8909.0,4997.0,,3088.0,,24873.0,18982.0,18979.0,25391.0,9883.0,,39.0,19512.0,,,16.0,3586.0,0.8755
sequence-saturation.txt,BenchmarkSequenceJournal/SingleRow/JournalPollPipelined-14,100000,4017.0,53.0,0.8739,3579.0,0.278,35.83,6.0,128.0,,,,279379.0,,,8387.0,2547.0,2544.0,8921.0,4993.0,,3087.0,,25329.0,19252.0,19252.0,25848.0,9881.0,,39.0,19823.0,,,16.0,3579.0,0.8739
sequence-saturation.txt,BenchmarkSequenceJournal/SingleRow/JournalPollPipelined-14,100000,4017.0,53.0,0.8748,3583.0,0.289,35.86,4.0,128.0,,,,279074.0,,,8370.0,2538.0,2534.0,8906.0,4984.0,,3073.0,,25096.0,19076.0,19073.0,25625.0,9870.0,,39.0,19612.0,,,16.0,3584.0,0.8751
sequence-saturation.txt,BenchmarkSequenceJournal/SingleRow/LogicalSlot-14,100000,2503.0,34.0,1.951,7993.0,27.75,,,,,,,125107.0,,,1046.0,963.9,,2069.0,69.5,,1984.0,,1588.0,1473.0,,2817.0,492.8,,,2706.0,,,16.0,7993.0,1.951
sequence-saturation.txt,BenchmarkSequenceJournal/SingleRow/LogicalSlot-14,100000,2503.0,34.0,1.944,7961.0,28.72,,,,,,,125609.0,,,1046.0,965.0,,2072.0,69.21,,1990.0,,1605.0,1481.0,,2842.0,501.2,,,2728.0,,,16.0,7961.0,1.944
sequence-saturation.txt,BenchmarkSequenceJournal/SingleRow/LogicalSlot-14,100000,2503.0,34.0,1.933,7917.0,28.65,,,,,,,126317.0,,,1054.0,971.2,,2084.0,69.58,,2003.0,,1620.0,1492.0,,2867.0,504.8,,,2748.0,,,16.0,7917.0,1.933
sequence-saturation.txt,BenchmarkSequenceJournal/Batch16/SequencePoll-14,100000,93539.0,39.0,42.97,2750.0,0.0,29.34,155.0,128.0,0.0,1133.0,0.0,363661.0,,,8588.0,1330.0,1496.0,12552.0,6931.0,,4966.0,,23069.0,14272.0,5682.0,30129.0,13852.0,,41.0,20617.0,0.0,0.0,16.0,2750.0,42.98
sequence-saturation.txt,BenchmarkSequenceJournal/Batch16/SequencePoll-14,100000,93467.0,39.0,45.67,2923.0,0.0,30.58,94.0,128.0,0.0,1092.0,0.0,342158.0,,,8433.0,1336.0,1485.0,12329.0,6864.0,,4940.0,,18553.0,9707.0,3750.0,23477.0,13053.0,,41.0,14198.0,1.0,0.0,16.0,2923.0,45.67
sequence-saturation.txt,BenchmarkSequenceJournal/Batch16/SequencePoll-14,100000,93440.0,39.0,44.78,2866.0,0.0,30.15,114.0,128.0,0.0,1105.0,0.0,348921.0,,,8482.0,1334.0,1485.0,12364.0,6870.0,,4937.0,,20221.0,11246.0,3768.0,24889.0,13013.0,,41.0,15703.0,0.0,0.0,16.0,2867.0,44.79
sequence-saturation.txt,BenchmarkSequenceJournal/Batch16/SequencePollPipelined-14,100000,93673.0,56.0,51.81,3316.0,0.0,34.39,100.0,128.0,0.0,214.0,0.0,301574.0,,,9226.0,2146.0,2144.0,11512.0,6892.0,,4284.0,,19707.0,11203.0,11200.0,22582.0,12881.0,,46.0,13807.0,0.0,0.0,16.0,3317.0,51.83
sequence-saturation.txt,BenchmarkSequenceJournal/Batch16/SequencePollPipelined-14,100000,93690.0,56.0,48.91,3130.0,0.0,33.93,238.0,128.0,0.0,207.0,0.0,319474.0,,,9269.0,2154.0,2152.0,11568.0,6937.0,,4296.0,,22987.0,13895.0,13894.0,25231.0,13013.0,,46.0,16011.0,0.0,0.0,16.0,3130.0,48.91
sequence-saturation.txt,BenchmarkSequenceJournal/Batch16/SequencePollPipelined-14,100000,93724.0,56.0,46.84,2998.0,0.0,33.29,319.0,128.0,0.0,222.0,0.0,333553.0,,,9347.0,2178.0,2176.0,11716.0,6963.0,,4323.0,,23587.0,14670.0,14668.0,25925.0,13216.0,,46.0,17264.0,0.0,0.0,16.0,2998.0,46.85
sequence-saturation.txt,BenchmarkSequenceJournal/Batch16/JournalPollPipelined-14,100000,93674.0,58.0,27.38,1753.0,0.005,21.57,1071.0,128.0,,,,570573.0,,,10580.0,3909.0,3906.0,11694.0,6201.0,,4744.0,,53303.0,47314.0,47308.0,53880.0,10471.0,,28.0,47939.0,,,16.0,1753.0,27.39
sequence-saturation.txt,BenchmarkSequenceJournal/Batch16/JournalPollPipelined-14,100000,93657.0,58.0,25.77,1649.0,0.009,20.26,1128.0,128.0,,,,606280.0,,,10830.0,4092.0,4090.0,11820.0,6190.0,,4940.0,,72497.0,68777.0,68775.0,73114.0,10471.0,,28.0,69232.0,,,16.0,1649.0,25.77
sequence-saturation.txt,BenchmarkSequenceJournal/Batch16/JournalPollPipelined-14,100000,93665.0,58.0,26.85,1719.0,0.007,20.91,1038.0,128.0,,,,581831.0,,,10728.0,3988.0,3986.0,11784.0,6202.0,,4825.0,,60087.0,54998.0,54995.0,61015.0,10500.0,,28.0,55625.0,,,16.0,1719.0,26.86
sequence-saturation.txt,BenchmarkSequenceJournal/Batch16/LogicalSlot-14,100000,57695.0,246.0,77.83,4981.0,1.929,,,,,,,200767.0,,,1673.0,1113.0,,3113.0,521.2,,2550.0,,12183.0,11215.0,,13804.0,1832.0,,,12834.0,,,16.0,4981.0,77.83
sequence-saturation.txt,BenchmarkSequenceJournal/Batch16/LogicalSlot-14,100000,57695.0,246.0,72.71,4653.0,1.763,,,,,,,214907.0,,,1734.0,1119.0,,3181.0,570.7,,2566.0,,15251.0,14089.0,,16731.0,1887.0,,,15658.0,,,16.0,4653.0,72.71
sequence-saturation.txt,BenchmarkSequenceJournal/Batch16/LogicalSlot-14,100000,57693.0,246.0,57.2,3661.0,1.539,,,,,,,273182.0,,,1864.0,1155.0,,3380.0,651.3,,2667.0,,21682.0,20294.0,,24353.0,2271.0,,,23588.0,,,16.0,3661.0,57.2
sequence-at-rate.txt,BenchmarkSequenceJournalAtRate/At1000/SequencePollPipelined-14,30000,4711.0,55.0,0.2441,999.7,0.0,10.02,11.0,128.0,0.0,2.0,0.0,1000278.0,1000.0,6629.0,6120.0,330.6,326.6,6522.0,5177.0,65.67,740.4,10870.0,10367.0,735.7,731.7,10783.0,9986.0,126.5,11.0,1528.0,0.0,0.0,16.0,1000.0,0.2441
sequence-at-rate.txt,BenchmarkSequenceJournalAtRate/At1000/JournalPollPipelined-14,30000,4356.0,57.0,0.2441,999.8,0.02,10.06,14.0,128.0,,,,1000213.0,1000.0,5979.0,5507.0,324.5,321.4,5892.0,4966.0,71.29,712.6,19532.0,12299.0,4102.0,4086.0,13407.0,9613.0,4983.0,16.0,5676.0,,,16.0,1000.0,0.2441
sequence-at-rate.txt,BenchmarkSequenceJournalAtRate/At1000/LogicalSlot-14,30000,2828.0,39.0,0.2441,1000.0,27.12,,,,,,,999990.0,1000.0,795.2,336.7,326.7,,721.3,6.833,77.33,709.9,2421.0,1658.0,1630.0,,2179.0,116.3,158.8,,2151.0,,,16.0,1000.0,0.2441
sequence-at-rate.txt,BenchmarkSequenceJournalAtRate/At3000/SequencePollPipelined-14,30000,4297.0,54.0,0.732,2998.0,0.01333,29.97,2.0,128.0,0.0,0.0,0.0,333524.0,3000.0,5732.0,5416.0,291.4,288.8,5714.0,5127.0,17.96,605.6,10726.0,10385.0,454.1,451.3,10704.0,10016.0,61.67,31.0,900.6,0.0,0.0,16.0,3000.0,0.7324
sequence-at-rate.txt,BenchmarkSequenceJournalAtRate/At3000/JournalPollPipelined-14,30000,4307.0,56.0,0.7317,2997.0,0.02333,30.0,4.0,128.0,,,,333645.0,3000.0,6024.0,5644.0,324.8,322.5,5981.0,5100.0,21.08,648.5,23722.0,13158.0,6794.0,6791.0,13663.0,9992.0,11996.0,36.0,7392.0,,,16.0,3000.0,0.7324
sequence-at-rate.txt,BenchmarkSequenceJournalAtRate/At3000/LogicalSlot-14,30000,2828.0,39.0,0.7324,3000.0,22.07,,,,,,,333348.0,3000.0,834.2,379.8,354.0,,800.0,20.79,33.83,774.3,1794.0,1165.0,1115.0,,1749.0,134.6,73.38,,1648.0,,,16.0,3000.0,0.7324
sequence-keys.txt,BenchmarkSequenceJournalKeys/Keys256/SequencePollPipelined-14,100000,4094.0,51.0,2.019,8268.0,0.03,83.04,5.0,128.0,0.0,150.0,0.0,120950.0,,,6201.0,938.1,936.0,7155.0,5249.0,,1910.0,,11214.0,1432.0,1430.0,12235.0,10170.0,,92.0,2588.0,0.0,0.0,16.0,8275.0,2.02
sequence-keys.txt,BenchmarkSequenceJournalKeys/Keys256/JournalPollPipelined-14,100000,4228.0,53.0,0.8829,3616.0,0.267,36.18,4.0,128.0,,,,276513.0,,,8347.0,2514.0,2511.0,8889.0,4989.0,,3064.0,,24547.0,18663.0,18660.0,25057.0,9874.0,,39.0,19209.0,,,16.0,3617.0,0.883
sequence-keys.txt,BenchmarkSequenceJournalKeys/Keys1/SequencePollPipelined-14,100000,4278.0,51.0,0.5668,2322.0,0.251,23.21,2.0,128.0,0.0,0.0,0.0,430719.0,,,5428.0,438.9,436.0,7752.0,4990.0,,879.8,,10361.0,614.5,611.1,70119.0,9858.0,,25.0,64394.0,0.0,0.0,16.0,2322.0,0.5668
sequence-keys.txt,BenchmarkSequenceJournalKeys/Keys1/JournalPollPipelined-14,100000,4239.0,53.0,0.5373,2201.0,0.318,22.07,15.0,128.0,,,,454355.0,,,5456.0,459.7,456.9,8119.0,4991.0,,917.5,,10380.0,635.6,632.8,66307.0,9853.0,,24.0,61133.0,,,16.0,2201.0,0.5374
sequence-faults.txt,BenchmarkSequenceJournalFaults/Rollback-14,20000,4428.0,40.0,0.2428,994.5,0.005,16.08,3.0,128.0,20.0,20.0,20.0,1005539.0,1000.0,6454.0,5899.0,262.5,167.0,6398.0,5639.0,53.17,767.1,102214.0,101628.0,325.4,219.5,102142.0,101354.0,90.04,109.0,932.8,0.0,0.0,16.0,1000.0,0.2441
sequence-faults.txt,BenchmarkSequenceJournalFaults/BeforeInsert200ms-14,20000,4411.0,40.0,0.2417,989.8,0.0,15.72,21.0,128.0,19.0,19.0,0.0,1010260.0,1000.0,6627.0,6069.0,247.9,164.8,6571.0,5825.0,55.29,754.0,99253.0,97584.0,336.7,245.7,99184.0,97347.0,87.25,106.0,962.5,0.0,19.0,16.0,990.0,0.2417
sequence-faults.txt,BenchmarkSequenceJournalFaults/AfterInsert200ms-14,20000,4743.0,44.0,0.2416,989.4,0.0,24.62,27.0,128.0,0.0,19.0,0.0,1010698.0,1000.0,7273.0,6695.0,256.8,170.0,7217.0,6419.0,55.08,763.0,191550.0,189973.0,367.0,273.0,191508.0,189722.0,91.17,128.0,1002.0,150.0,0.0,16.0,990.0,0.2417
