file,benchmark,transactions,B/op,allocs/op,applied-MiB/s,applied-batches/s,applied-before-commit-pct,avg-tx-per-epoch,avg-tx-per-fetch,delivery-coalesced,empty-fetches,fetch-limit,gap-fills,gap-observations,injected-rollbacks,max-arrival-to-apply-us,max-snapshot-exceptions,notifies-received,notifies-sent,ns/op,offered-writes/s,over-50ms-arrival-pct,p50-arrival-to-apply-us,p50-commit-to-apply-us,p50-commit-us,p50-journal-append-us,p50-op-to-apply-us,p50-remaining-us,p50-schedule-lag-us,p50-write-us,p99-arrival-to-apply-us,p99-commit-to-apply-us,p99-commit-us,p99-journal-append-us,p99-op-to-apply-us,p99-remaining-us,p99-schedule-lag-us,p99-tx-per-fetch,p99-write-us,poll-wakes,repair-lock-timeouts,sequence-retries,snapshot-epochs,snapshot-replays,wake-attempts,wake-coalesced,wake-enqueued,wakes-consumed,writers,writes/s,written-MiB/s
snapshot-wakeups-saturation.txt,BenchmarkSnapshotWakeups/SingleRow/Poll-14,100000,3988.0,51.0,1.937,7935.0,0.0,79.49,79.49,,2.0,128.0,0.0,0.0,0.0,,7.0,,,126017.0,,,,9385.0,980.3,978.1,10377.0,8387.0,,1975.0,,18606.0,1582.0,1579.0,19636.0,17448.0,,89.0,2847.0,,0.0,0.0,1258.0,0.0,,,,,16.0,7939.0,1.938
snapshot-wakeups-saturation.txt,BenchmarkSnapshotWakeups/SingleRow/Poll-14,100000,3989.0,51.0,1.982,8120.0,0.0,81.17,81.17,,2.0,128.0,0.0,0.0,0.0,,6.0,,,123148.0,,,,9351.0,963.5,961.3,10322.0,8373.0,,1944.0,,17974.0,1536.0,1534.0,18961.0,16952.0,,90.0,2762.0,,0.0,0.0,1232.0,0.0,,,,,16.0,8125.0,1.984
snapshot-wakeups-saturation.txt,BenchmarkSnapshotWakeups/SingleRow/Poll-14,100000,3988.0,51.0,1.976,8094.0,0.0,81.04,81.04,,2.0,128.0,0.0,0.0,0.0,,9.0,,,123552.0,,,,9117.0,964.0,962.1,10096.0,8156.0,,1948.0,,17400.0,1497.0,1494.0,18442.0,16356.0,,91.0,2693.0,,0.0,0.0,1234.0,0.0,,,,,16.0,8101.0,1.978
snapshot-wakeups-saturation.txt,BenchmarkSnapshotWakeups/SingleRow/LocalWake-14,100000,4013.0,53.0,1.906,7807.0,0.0,30.2,30.2,0.0,2.0,128.0,0.0,0.0,0.0,,11.0,0.0,0.0,128094.0,,,,5726.0,1002.0,999.5,6757.0,4700.0,,2022.0,,13251.0,1572.0,1570.0,14262.0,12105.0,,69.0,2810.0,1053.0,0.0,0.0,3311.0,0.0,100000.0,96689.0,3311.0,3311.0,16.0,7807.0,1.906
snapshot-wakeups-saturation.txt,BenchmarkSnapshotWakeups/SingleRow/LocalWake-14,100000,4012.0,53.0,1.917,7852.0,0.0,30.1,30.1,0.0,3.0,128.0,0.0,0.0,0.0,,10.0,0.0,0.0,127359.0,,,,5671.0,991.5,989.3,6699.0,4658.0,,2008.0,,12508.0,1565.0,1563.0,13534.0,11391.0,,68.0,2820.0,1061.0,0.0,0.0,3322.0,0.0,100000.0,96676.0,3324.0,3324.0,16.0,7853.0,1.917
snapshot-wakeups-saturation.txt,BenchmarkSnapshotWakeups/SingleRow/LocalWake-14,100000,4014.0,53.0,1.837,7526.0,0.0,29.86,29.86,0.0,3.0,128.0,0.0,0.0,0.0,,8.0,0.0,0.0,132868.0,,,,5687.0,992.3,990.2,6702.0,4620.0,,2003.0,,13225.0,2719.0,2716.0,14286.0,11978.0,,68.0,3766.0,1055.0,0.0,0.0,3349.0,0.0,100000.0,96649.0,3351.0,3351.0,16.0,7527.0,1.838
snapshot-wakeups-saturation.txt,BenchmarkSnapshotWakeups/SingleRow/NotifyWake-14,100000,4128.0,56.0,1.802,7380.0,0.0,29.62,29.62,20602.0,3.0,128.0,0.0,0.0,0.0,,15.0,23979.0,23979.0,135507.0,,,,5982.0,1050.0,1048.0,7081.0,4909.0,,2140.0,,10075.0,1675.0,1673.0,11243.0,8583.0,,39.0,3036.0,1090.0,0.0,0.0,3376.0,0.0,100000.0,76021.0,23979.0,3377.0,16.0,7381.0,1.802
snapshot-wakeups-saturation.txt,BenchmarkSnapshotWakeups/SingleRow/NotifyWake-14,100000,4128.0,56.0,1.802,7380.0,0.0,29.48,29.48,20384.0,2.0,128.0,0.0,0.0,0.0,,15.0,23776.0,23776.0,135503.0,,,,5959.0,1049.0,1047.0,7059.0,4882.0,,2143.0,,9359.0,1656.0,1655.0,10537.0,8078.0,,39.0,3002.0,1104.0,0.0,0.0,3392.0,0.0,100000.0,76224.0,23776.0,3392.0,16.0,7381.0,1.802
snapshot-wakeups-saturation.txt,BenchmarkSnapshotWakeups/SingleRow/NotifyWake-14,100000,4129.0,56.0,1.8,7372.0,0.0,29.5,29.5,20568.0,3.0,128.0,0.0,0.0,0.0,,14.0,23959.0,23959.0,135641.0,,,,5971.0,1052.0,1050.0,7073.0,4898.0,,2141.0,,9453.0,1678.0,1677.0,10694.0,8060.0,,39.0,3022.0,1120.0,0.0,0.0,3390.0,0.0,100000.0,76041.0,23959.0,3391.0,16.0,7373.0,1.8
snapshot-wakeups-saturation.txt,BenchmarkSnapshotWakeups/Batch16/Poll-14,100000,93631.0,58.0,47.53,3042.0,0.0,33.61,33.61,,3.0,128.0,0.0,0.0,0.0,,16.0,,,328709.0,,,,14584.0,2215.0,2213.0,16785.0,11731.0,,4400.0,,44652.0,15758.0,15753.0,47218.0,31509.0,,48.0,18221.0,,0.0,0.0,2975.0,0.0,,,,,16.0,3043.0,47.55
snapshot-wakeups-saturation.txt,BenchmarkSnapshotWakeups/Batch16/Poll-14,100000,93650.0,58.0,43.71,2798.0,0.0,33.64,33.64,,2.0,128.0,0.0,0.0,0.0,,13.0,,,357449.0,,,,14649.0,2220.0,2218.0,16842.0,11797.0,,4403.0,,65639.0,18002.0,18001.0,69213.0,36950.0,,47.0,21932.0,,0.0,0.0,2973.0,0.0,,,,,16.0,2799.0,43.73
snapshot-wakeups-saturation.txt,BenchmarkSnapshotWakeups/Batch16/Poll-14,100000,93640.0,58.0,48.2,3085.0,0.0,33.89,33.89,,5.0,128.0,0.0,0.0,0.0,,16.0,,,324172.0,,,,14564.0,2205.0,2203.0,16783.0,11726.0,,4378.0,,42034.0,14301.0,14296.0,45634.0,30490.0,,49.0,16426.0,,0.0,0.0,2951.0,0.0,,,,,16.0,3085.0,48.21
snapshot-wakeups-saturation.txt,BenchmarkSnapshotWakeups/Batch16/LocalWake-14,100000,93633.0,58.0,48.49,3103.0,0.0,29.85,29.85,0.0,4.0,128.0,0.0,0.0,0.0,,16.0,0.0,0.0,322248.0,,,,13594.0,2204.0,2203.0,15686.0,10820.0,,4374.0,,46405.0,14991.0,14989.0,48148.0,32123.0,,46.0,16733.0,1607.0,0.0,0.0,3350.0,0.0,100000.0,96651.0,3349.0,3349.0,16.0,3104.0,48.49
snapshot-wakeups-saturation.txt,BenchmarkSnapshotWakeups/Batch16/LocalWake-14,100000,93665.0,58.0,36.03,2306.0,0.0,29.27,29.27,0.0,6.0,128.0,0.0,0.0,0.0,,16.0,0.0,0.0,433647.0,,,,13983.0,2249.0,2247.0,16053.0,11040.0,,4426.0,,86285.0,27469.0,27467.0,89518.0,50184.0,,45.0,31603.0,1604.0,0.0,0.0,3417.0,0.0,100000.0,96582.0,3418.0,3418.0,16.0,2306.0,36.03
snapshot-wakeups-saturation.txt,BenchmarkSnapshotWakeups/Batch16/LocalWake-14,100000,93660.0,58.0,41.09,2630.0,0.0,29.51,29.51,0.0,4.0,128.0,0.0,0.0,0.0,,16.0,0.0,0.0,380221.0,,,,14051.0,2246.0,2244.0,16145.0,11119.0,,4427.0,,86769.0,30043.0,30042.0,88191.0,50019.0,,45.0,31939.0,1546.0,0.0,0.0,3389.0,0.0,100000.0,96611.0,3389.0,3389.0,16.0,2630.0,41.1
snapshot-wakeups-saturation.txt,BenchmarkSnapshotWakeups/Batch16/NotifyWake-14,100000,93790.0,62.0,39.97,2558.0,0.0,29.39,29.39,22455.0,3.0,128.0,0.0,0.0,0.0,,16.0,25857.0,25857.0,390887.0,,,,14380.0,2316.0,2314.0,16540.0,11398.0,,4581.0,,86815.0,31166.0,31164.0,88518.0,47948.0,,46.0,33726.0,1569.0,0.0,0.0,3402.0,0.0,100000.0,74143.0,25857.0,3402.0,16.0,2558.0,39.98
snapshot-wakeups-saturation.txt,BenchmarkSnapshotWakeups/Batch16/NotifyWake-14,100000,93799.0,62.0,36.81,2356.0,0.0,29.33,29.33,21249.0,5.0,128.0,0.0,0.0,0.0,,16.0,24660.0,24660.0,424463.0,,,,14483.0,2337.0,2335.0,16672.0,11479.0,,4611.0,,103549.0,29567.0,29566.0,109147.0,56192.0,,46.0,31852.0,1662.0,0.0,0.0,3409.0,0.0,100000.0,75340.0,24660.0,3411.0,16.0,2356.0,36.81
snapshot-wakeups-saturation.txt,BenchmarkSnapshotWakeups/Batch16/NotifyWake-14,100000,93769.0,62.0,45.06,2884.0,0.0,29.77,29.77,20557.0,3.0,128.0,0.0,0.0,0.0,,16.0,23913.0,23913.0,346764.0,,,,14232.0,2294.0,2292.0,16451.0,11311.0,,4565.0,,49472.0,15704.0,15703.0,52190.0,30160.0,,44.0,18140.0,1555.0,0.0,0.0,3359.0,0.0,100000.0,76087.0,23913.0,3356.0,16.0,2884.0,45.06
snapshot-wakeups-at-rate.txt,BenchmarkSnapshotWakeupsAtRate/At1000/Poll-14,30000,4542.0,60.0,0.2441,999.8,0.0,10.01,10.01,,2.0,128.0,0.0,0.0,0.0,57075.0,1.0,,,1000203.0,1000.0,0.03667,7329.0,6897.0,309.2,307.6,7273.0,6559.0,39.17,710.4,14690.0,12593.0,2203.0,2193.0,14116.0,11179.0,82.42,11.0,3707.0,,0.0,0.0,2997.0,0.0,,,,,16.0,1000.0,0.2441
snapshot-wakeups-at-rate.txt,BenchmarkSnapshotWakeupsAtRate/At1000/Poll-14,30000,4539.0,60.0,0.2441,999.9,0.0,10.01,10.01,,2.0,128.0,0.0,0.0,0.0,68777.0,2.0,,,1000119.0,1000.0,0.09,7331.0,6887.0,283.7,280.7,7257.0,6458.0,53.04,644.0,12013.0,11413.0,578.6,575.9,11866.0,11018.0,174.2,10.0,1347.0,,0.0,0.0,2996.0,0.0,,,,,16.0,1000.0,0.2441
snapshot-wakeups-at-rate.txt,BenchmarkSnapshotWakeupsAtRate/At1000/Poll-14,30000,4535.0,60.0,0.2441,999.8,0.0,10.01,10.01,,2.0,128.0,0.0,0.0,0.0,79764.0,1.0,,,1000217.0,1000.0,0.1333,6927.0,6497.0,295.6,293.5,6858.0,6189.0,49.46,651.0,12726.0,11745.0,1023.0,1018.0,12253.0,11275.0,149.3,11.0,2030.0,,0.0,0.0,2996.0,0.0,,,,,16.0,1000.0,0.2441
snapshot-wakeups-at-rate.txt,BenchmarkSnapshotWakeupsAtRate/At1000/LocalWake-14,30000,6470.0,98.0,0.2441,999.9,0.0,1.299,1.299,0.0,62.0,128.0,0.0,0.0,0.0,38049.0,1.0,0.0,0.0,1000053.0,1000.0,0.0,2285.0,1891.0,340.3,337.5,2260.0,1516.0,25.88,703.7,6796.0,5729.0,2206.0,2202.0,6565.0,3965.0,95.62,3.0,2655.0,2971.0,0.0,0.0,23103.0,0.0,30000.0,6843.0,23157.0,23157.0,16.0,1000.0,0.2441
snapshot-wakeups-at-rate.txt,BenchmarkSnapshotWakeupsAtRate/At1000/LocalWake-14,30000,6640.0,101.0,0.2441,1000.0,0.0,1.208,1.208,0.0,59.0,128.0,0.0,0.0,0.0,23082.0,1.0,0.0,0.0,1000029.0,1000.0,0.0,2139.0,1749.0,317.5,314.7,2115.0,1426.0,25.17,678.9,3672.0,3188.0,659.8,658.5,3636.0,2533.0,55.0,2.0,1189.0,2987.0,0.0,0.0,24835.0,0.0,30000.0,5109.0,24891.0,24891.0,16.0,1000.0,0.2441
snapshot-wakeups-at-rate.txt,BenchmarkSnapshotWakeupsAtRate/At1000/LocalWake-14,30000,6649.0,101.0,0.2441,1000.0,0.0,1.203,1.203,0.0,28.0,128.0,0.0,0.0,0.0,21123.0,1.0,0.0,0.0,1000022.0,1000.0,0.0,2120.0,1745.0,323.6,320.9,2098.0,1424.0,24.92,672.0,3447.0,2956.0,512.6,508.1,3418.0,2475.0,52.62,2.0,997.0,2987.0,0.0,0.0,24937.0,0.0,30000.0,5038.0,24962.0,24962.0,16.0,1000.0,0.2441
snapshot-wakeups-at-rate.txt,BenchmarkSnapshotWakeupsAtRate/At1000/NotifyWake-14,30000,6840.0,111.0,0.2441,1000.0,0.0,1.345,1.345,7638.0,13.0,128.0,0.0,0.0,0.0,49825.0,14.0,29901.0,29901.0,1000020.0,1000.0,0.0,2362.0,1972.0,310.8,308.1,2338.0,1652.0,26.04,673.8,4484.0,3963.0,1399.0,1397.0,4442.0,3148.0,78.04,2.0,1974.0,2979.0,0.0,0.0,22297.0,0.0,30000.0,99.0,29901.0,22263.0,16.0,1000.0,0.2441
snapshot-wakeups-at-rate.txt,BenchmarkSnapshotWakeupsAtRate/At1000/NotifyWake-14,30000,6882.0,112.0,0.2441,999.9,0.0,1.318,1.318,7197.0,3.0,128.0,0.0,0.0,0.0,21114.0,6.0,29951.0,29951.0,1000054.0,1000.0,0.0,2331.0,1947.0,309.8,307.1,2308.0,1640.0,26.04,669.5,3519.0,3034.0,479.9,477.0,3487.0,2623.0,61.54,2.0,970.8,2977.0,0.0,0.0,22755.0,0.0,30000.0,49.0,29951.0,22754.0,16.0,1000.0,0.2441
snapshot-wakeups-at-rate.txt,BenchmarkSnapshotWakeupsAtRate/At1000/NotifyWake-14,30000,6884.0,112.0,0.2441,1000.0,0.0,1.32,1.32,7240.0,13.0,128.0,0.0,0.0,0.0,42872.0,1.0,29925.0,29925.0,1000044.0,1000.0,0.0,2336.0,1944.0,307.4,304.8,2313.0,1625.0,24.33,673.4,4156.0,3715.0,1420.0,1416.0,4131.0,3013.0,84.08,2.0,1816.0,2981.0,0.0,0.0,22726.0,0.0,30000.0,75.0,29925.0,22685.0,16.0,1000.0,0.2441
snapshot-wakeups-at-rate.txt,BenchmarkSnapshotWakeupsAtRate/At3000/Poll-14,30000,4295.0,56.0,0.7321,2999.0,0.0,29.97,29.97,,2.0,128.0,0.0,0.0,0.0,20669.0,2.0,,,333497.0,3000.0,0.0,7435.0,7018.0,347.8,345.4,7403.0,6650.0,27.25,735.4,12632.0,12101.0,1152.0,1152.0,12586.0,11560.0,66.5,31.0,2163.0,,0.0,0.0,1001.0,0.0,,,,,16.0,3000.0,0.7324
snapshot-wakeups-at-rate.txt,BenchmarkSnapshotWakeupsAtRate/At3000/Poll-14,30000,4292.0,56.0,0.7322,2999.0,0.0,30.12,30.12,,3.0,128.0,0.0,0.0,0.0,68121.0,4.0,,,333434.0,3000.0,0.3567,7492.0,7040.0,347.1,344.8,7432.0,6689.0,27.04,736.0,14929.0,12058.0,923.2,922.7,12488.0,11572.0,533.0,32.0,1883.0,,0.0,0.0,996.0,0.0,,,,,16.0,3000.0,0.7324
snapshot-wakeups-at-rate.txt,BenchmarkSnapshotWakeupsAtRate/At3000/Poll-14,30000,4295.0,56.0,0.7322,2999.0,0.0,30.0,30.0,,3.0,128.0,0.0,0.0,0.0,28535.0,2.0,,,333454.0,3000.0,0.0,7484.0,7061.0,346.2,343.8,7442.0,6689.0,26.54,731.4,12561.0,12060.0,760.4,758.8,12485.0,11590.0,67.62,31.0,1435.0,,0.0,0.0,1000.0,0.0,,,,,16.0,3000.0,0.7324
snapshot-wakeups-at-rate.txt,BenchmarkSnapshotWakeupsAtRate/At3000/LocalWake-14,30000,4701.0,64.0,0.7323,3000.0,0.0,6.041,6.041,0.0,3.0,128.0,0.0,0.0,0.0,26803.0,3.0,0.0,0.0,333384.0,3000.0,0.0,3494.0,2931.0,479.8,477.2,3467.0,2452.0,25.29,1008.0,9611.0,7207.0,1358.0,1355.0,8569.0,5512.0,71.0,8.0,2660.0,964.0,0.0,0.0,4966.0,0.0,30000.0,25033.0,4967.0,4967.0,16.0,3000.0,0.7324
snapshot-wakeups-at-rate.txt,BenchmarkSnapshotWakeupsAtRate/At3000/LocalWake-14,30000,4698.0,64.0,0.7323,2999.0,0.0,6.085,6.085,0.0,2.0,128.0,0.0,0.0,0.0,15120.0,1.0,0.0,0.0,333405.0,3000.0,0.0,3529.0,2961.0,482.4,479.8,3503.0,2478.0,25.58,1018.0,6150.0,5386.0,918.8,916.8,6005.0,4295.0,66.96,9.0,1708.0,974.0,0.0,0.0,4930.0,0.0,30000.0,25069.0,4931.0,4931.0,16.0,3000.0,0.7324
snapshot-wakeups-at-rate.txt,BenchmarkSnapshotWakeupsAtRate/At3000/LocalWake-14,30000,4710.0,64.0,0.7323,2999.0,0.0,5.962,5.962,0.0,3.0,128.0,0.0,0.0,0.0,19370.0,3.0,0.0,0.0,333402.0,3000.0,0.0,3454.0,2892.0,473.2,470.8,3431.0,2422.0,25.42,1002.0,6534.0,5573.0,902.7,899.7,6432.0,4383.0,66.04,8.0,1691.0,976.0,0.0,0.0,5032.0,0.0,30000.0,24967.0,5033.0,5033.0,16.0,3000.0,0.7324
snapshot-wakeups-at-rate.txt,BenchmarkSnapshotWakeupsAtRate/At3000/NotifyWake-14,30000,5009.0,75.0,0.7323,2999.0,0.0,7.515,7.515,22923.0,3.0,128.0,0.0,0.0,0.0,16021.0,8.0,26916.0,26916.0,333411.0,3000.0,0.0,4390.0,3684.0,603.5,600.8,4365.0,3080.0,23.67,1273.0,7711.0,6777.0,1136.0,1132.0,7568.0,5516.0,80.88,12.0,2152.0,937.0,0.0,0.0,3992.0,0.0,30000.0,3084.0,26916.0,3993.0,16.0,3000.0,0.7323
snapshot-wakeups-at-rate.txt,BenchmarkSnapshotWakeupsAtRate/At3000/NotifyWake-14,30000,5000.0,75.0,0.7323,2999.0,0.0,7.62,7.62,22512.0,3.0,128.0,0.0,0.0,0.0,23543.0,15.0,26449.0,26449.0,333410.0,3000.0,0.0,4452.0,3739.0,616.0,613.5,4425.0,3118.0,24.42,1288.0,10831.0,8354.0,1820.0,1815.0,9646.0,6393.0,92.46,12.0,3066.0,935.0,0.0,0.0,3937.0,0.0,30000.0,3551.0,26449.0,3937.0,16.0,3000.0,0.7324
snapshot-wakeups-at-rate.txt,BenchmarkSnapshotWakeupsAtRate/At3000/NotifyWake-14,30000,5018.0,76.0,0.7323,2999.0,0.0,7.398,7.398,23065.0,3.0,128.0,0.0,0.0,0.0,15946.0,6.0,27120.0,27120.0,333406.0,3000.0,0.0,4308.0,3628.0,591.5,588.6,4282.0,3037.0,23.67,1243.0,6672.0,5864.0,973.5,969.7,6548.0,4952.0,77.46,10.0,1807.0,937.0,0.0,0.0,4055.0,0.0,30000.0,2880.0,27120.0,4055.0,16.0,3000.0,0.7324
snapshot-wakeups-faults.txt,BenchmarkSnapshotWakeupsFaults/Rollback/Poll-14,20000,4023.0,43.0,0.2441,999.8,0.0,10.04,10.04,,2.0,128.0,0.0,0.0,20.0,103675.0,0.0,,,1000238.0,1000.0,0.47,7345.0,6836.0,245.9,156.9,7295.0,6565.0,38.17,720.6,11833.0,11151.0,428.5,293.3,11735.0,10817.0,54.67,10.0,1230.0,,0.0,0.0,1993.0,0.0,,,,,16.0,1000.0,0.2441
snapshot-wakeups-faults.txt,BenchmarkSnapshotWakeupsFaults/Rollback/LocalWake-14,20000,6059.0,83.0,0.2441,999.8,0.0,1.241,1.241,0.0,14.0,128.0,0.0,0.0,20.0,19700.0,1.0,0.0,0.0,1000160.0,1000.0,0.0,2326.0,1783.0,283.6,179.4,2304.0,1497.0,24.38,801.9,5895.0,4750.0,858.2,322.0,5870.0,3465.0,53.0,2.0,2106.0,1979.0,0.0,0.0,16119.0,0.0,20000.0,3870.0,16130.0,16130.0,16.0,999.9,0.2441
snapshot-wakeups-faults.txt,BenchmarkSnapshotWakeupsFaults/Rollback/NotifyWake-14,20000,6246.0,93.0,0.2441,999.9,0.0,1.393,1.393,5535.0,10.0,128.0,0.0,0.0,20.0,21226.0,3.0,19848.0,19848.0,1000081.0,1000.0,0.0,2626.0,2009.0,287.8,182.9,2598.0,1685.0,27.08,869.8,5736.0,4802.0,2072.0,289.6,5680.0,3729.0,83.83,3.0,2754.0,1988.0,0.0,0.0,14357.0,0.0,20000.0,152.0,19848.0,14313.0,16.0,1000.0,0.2441
snapshot-wakeups-faults.txt,BenchmarkSnapshotWakeupsFaults/BeforeInsert200ms/Poll-14,20000,4020.0,43.0,0.2416,989.4,0.0,9.995,9.995,,23.0,128.0,0.0,0.0,0.0,215448.0,1.0,,,1010723.0,1000.0,0.1,6982.0,6444.0,264.9,174.4,6943.0,6155.0,33.04,778.2,12285.0,11497.0,1673.0,307.2,12246.0,10662.0,79.83,12.0,2370.0,,0.0,0.0,2001.0,0.0,,,,,16.0,990.0,0.2417
snapshot-wakeups-faults.txt,BenchmarkSnapshotWakeupsFaults/BeforeInsert200ms/LocalWake-14,20000,6024.0,82.0,0.2417,990.0,0.0,1.264,1.264,0.0,45.0,128.0,0.0,0.0,0.0,205388.0,2.0,0.0,0.0,1010111.0,1000.0,0.1,2367.0,1818.0,300.0,179.8,2344.0,1487.0,24.08,823.2,4704.0,3921.0,1929.0,267.8,4669.0,3086.0,80.25,3.0,2557.0,2013.0,0.0,0.0,15824.0,0.0,20000.0,4159.0,15841.0,15841.0,16.0,990.1,0.2417
snapshot-wakeups-faults.txt,BenchmarkSnapshotWakeupsFaults/BeforeInsert200ms/NotifyWake-14,20000,6316.0,94.0,0.2416,989.7,0.0,1.354,1.354,5172.0,37.0,128.0,0.0,0.0,0.0,208165.0,3.0,19910.0,19910.0,1010359.0,1000.0,0.1,2559.0,1959.0,287.4,190.1,2532.0,1636.0,26.62,860.7,4763.0,4046.0,1833.0,272.1,4734.0,3435.0,82.96,3.0,2509.0,2010.0,0.0,0.0,14767.0,0.0,20000.0,90.0,19910.0,14738.0,16.0,990.0,0.2417
snapshot-wakeups-faults.txt,BenchmarkSnapshotWakeupsFaults/AfterInsert200ms/Poll-14,20000,4017.0,43.0,0.2416,989.5,0.0,9.995,9.995,,23.0,128.0,0.0,0.0,0.0,213295.0,1.0,,,1010615.0,1000.0,0.1,6777.0,6252.0,251.4,158.8,6738.0,5994.0,35.96,747.7,12037.0,11440.0,1501.0,251.7,11998.0,11033.0,80.62,12.0,2057.0,,0.0,0.0,2001.0,0.0,,,,,16.0,990.1,0.2417
snapshot-wakeups-faults.txt,BenchmarkSnapshotWakeupsFaults/AfterInsert200ms/LocalWake-14,20000,5831.0,79.0,0.2417,989.9,0.0,1.378,1.378,0.0,54.0,128.0,0.0,0.0,0.0,210128.0,2.0,0.0,0.0,1010183.0,1000.0,0.1,2503.0,1936.0,294.9,181.7,2477.0,1553.0,26.92,829.6,8172.0,7312.0,4282.0,393.0,8089.0,6835.0,89.08,5.0,5304.0,1983.0,0.0,0.0,14516.0,0.0,20000.0,5463.0,14537.0,14537.0,16.0,990.1,0.2417
snapshot-wakeups-faults.txt,BenchmarkSnapshotWakeupsFaults/AfterInsert200ms/NotifyWake-14,20000,6352.0,95.0,0.2417,989.9,0.0,1.332,1.332,4961.0,31.0,128.0,0.0,0.0,0.0,205185.0,2.0,19983.0,19983.0,1010210.0,1000.0,0.1,2526.0,1943.0,295.7,178.1,2502.0,1648.0,25.88,848.3,3599.0,2885.0,431.7,252.0,3570.0,2537.0,65.0,2.0,1160.0,2008.0,0.0,0.0,15015.0,0.0,20000.0,17.0,19983.0,15022.0,16.0,990.1,0.2417
