file,benchmark,transactions,B/op,allocs/op,applied-MiB/s,applied-batches/s,applied-before-commit-pct,avg-tx-per-epoch,avg-tx-per-fetch,delivery-coalesced,empty-fetches,fetch-limit,gap-fills,gap-observations,injected-rollbacks,max-arrival-to-apply-us,max-snapshot-exceptions,notifies-received,notifies-sent,notify-batch-merges,ns/op,offered-writes/s,over-50ms-arrival-pct,p50-arrival-to-apply-us,p50-commit-to-apply-us,p50-commit-us,p50-journal-append-us,p50-op-to-apply-us,p50-remaining-us,p50-schedule-lag-us,p50-write-us,p99-arrival-to-apply-us,p99-commit-to-apply-us,p99-commit-us,p99-journal-append-us,p99-op-to-apply-us,p99-remaining-us,p99-schedule-lag-us,p99-tx-per-fetch,p99-write-us,poll-wakes,repair-lock-timeouts,sequence-retries,snapshot-epochs,snapshot-replays,snapshot-scans,wake-attempts,wake-coalesced,wake-enqueued,wakes-consumed,writers,writes/s,written-MiB/s
snapshot-idle-saturation.txt,BenchmarkSnapshotIdleTimer/SingleRow/Ticker10ms-14,100000,4130.0,56.0,1.76,7209.0,0.0,29.83,29.83,20551.0,3.0,128.0,0.0,0.0,0.0,,15.0,23903.0,23903.0,0.0,138719.0,,,,6158.0,1071.0,1069.0,7286.0,5061.0,,2188.0,,9827.0,1697.0,1695.0,11074.0,8416.0,,40.0,3067.0,1101.0,0.0,0.0,3352.0,0.0,3356.0,100000.0,76097.0,23903.0,3352.0,16.0,7210.0,1.76
snapshot-idle-saturation.txt,BenchmarkSnapshotIdleTimer/SingleRow/Ticker10ms-14,100000,4129.0,56.0,1.759,7205.0,0.0,29.76,29.76,20633.0,3.0,128.0,0.0,0.0,0.0,,15.0,23992.0,23992.0,0.0,138797.0,,,,6147.0,1072.0,1070.0,7274.0,5044.0,,2184.0,,10570.0,1740.0,1738.0,11747.0,8901.0,,39.0,3128.0,1120.0,0.0,0.0,3360.0,0.0,3363.0,100000.0,76008.0,23992.0,3359.0,16.0,7206.0,1.759
snapshot-idle-saturation.txt,BenchmarkSnapshotIdleTimer/SingleRow/Ticker10ms-14,100000,4128.0,56.0,1.735,7106.0,0.0,29.74,29.74,20598.0,3.0,128.0,0.0,0.0,0.0,,15.0,23961.0,23961.0,0.0,140720.0,,,,6208.0,1076.0,1074.0,7346.0,5108.0,,2202.0,,10943.0,1984.0,1981.0,12286.0,9318.0,,40.0,3552.0,1112.0,0.0,0.0,3363.0,0.0,3366.0,100000.0,76039.0,23961.0,3363.0,16.0,7107.0,1.735
snapshot-idle-saturation.txt,BenchmarkSnapshotIdleTimer/SingleRow/Idle100ms-14,100000,4127.0,56.0,1.775,7271.0,0.0,29.78,29.78,20437.0,1.0,128.0,0.0,0.0,0.0,,15.0,23796.0,23796.0,0.0,137533.0,,,,6089.0,1060.0,1058.0,7205.0,5005.0,,2170.0,,9934.0,1699.0,1697.0,11181.0,8542.0,,40.0,3063.0,0.0,0.0,0.0,3358.0,0.0,3360.0,100000.0,76204.0,23796.0,3359.0,16.0,7272.0,1.775
snapshot-idle-saturation.txt,BenchmarkSnapshotIdleTimer/SingleRow/Idle100ms-14,100000,4127.0,56.0,1.798,7365.0,0.0,29.71,29.71,20414.0,1.0,128.0,0.0,0.0,0.0,,14.0,23780.0,23780.0,0.0,135779.0,,,,6010.0,1049.0,1048.0,7120.0,4930.0,,2148.0,,9454.0,1656.0,1653.0,10596.0,8151.0,,39.0,2992.0,0.0,0.0,0.0,3366.0,0.0,3367.0,100000.0,76220.0,23780.0,3366.0,16.0,7366.0,1.798
snapshot-idle-saturation.txt,BenchmarkSnapshotIdleTimer/SingleRow/Idle100ms-14,100000,4127.0,56.0,1.766,7234.0,0.0,29.78,29.78,20533.0,1.0,128.0,0.0,0.0,0.0,,16.0,23891.0,23891.0,0.0,138242.0,,,,6126.0,1065.0,1062.0,7244.0,5025.0,,2175.0,,10053.0,1775.0,1772.0,11253.0,8642.0,,40.0,3166.0,0.0,0.0,0.0,3358.0,0.0,3359.0,100000.0,76109.0,23891.0,3358.0,16.0,7235.0,1.766
snapshot-idle-saturation.txt,BenchmarkSnapshotIdleTimer/SingleRow/Idle100msBatch2ms-14,100000,4049.0,54.0,1.873,7671.0,0.0,29.87,29.87,1630.0,1.0,128.0,0.0,0.0,0.0,,15.0,4979.0,4979.0,4977.0,130354.0,,,,5794.0,1011.0,1009.0,6844.0,4760.0,,2054.0,,11190.0,1617.0,1614.0,12348.0,9668.0,,40.0,2913.0,0.0,0.0,0.0,3348.0,0.0,3350.0,100000.0,90044.0,9956.0,3349.0,16.0,7672.0,1.873
snapshot-idle-saturation.txt,BenchmarkSnapshotIdleTimer/SingleRow/Idle100msBatch2ms-14,100000,4050.0,54.0,1.845,7558.0,0.0,29.9,29.9,1678.0,1.0,128.0,0.0,0.0,0.0,,14.0,5023.0,5023.0,5019.0,132316.0,,,,5874.0,1023.0,1021.0,6940.0,4826.0,,2078.0,,11168.0,1692.0,1690.0,12334.0,9734.0,,40.0,3015.0,0.0,0.0,0.0,3345.0,0.0,3346.0,100000.0,89956.0,10044.0,3345.0,16.0,7558.0,1.845
snapshot-idle-saturation.txt,BenchmarkSnapshotIdleTimer/SingleRow/Idle100msBatch2ms-14,100000,4049.0,54.0,1.858,7611.0,0.0,30.03,30.03,1691.0,1.0,128.0,0.0,0.0,0.0,,14.0,5021.0,5021.0,5018.0,131383.0,,,,5863.0,1021.0,1018.0,6922.0,4814.0,,2069.0,,12315.0,1682.0,1681.0,13481.0,10812.0,,48.0,3021.0,0.0,0.0,0.0,3330.0,0.0,3331.0,100000.0,89961.0,10039.0,3330.0,16.0,7612.0,1.858
snapshot-idle-saturation.txt,BenchmarkSnapshotIdleTimer/Batch16/Ticker10ms-14,100000,93785.0,62.0,46.9,3002.0,0.0,29.65,29.65,21853.0,6.0,128.0,0.0,0.0,0.0,,16.0,25222.0,25222.0,0.0,333139.0,,,,14485.0,2336.0,2334.0,16709.0,11456.0,,4629.0,,44710.0,14724.0,14722.0,47674.0,36718.0,,45.0,17259.0,1611.0,0.0,0.0,3373.0,0.0,3379.0,100000.0,74778.0,25222.0,3369.0,16.0,3002.0,46.91
snapshot-idle-saturation.txt,BenchmarkSnapshotIdleTimer/Batch16/Ticker10ms-14,100000,93769.0,62.0,47.07,3013.0,0.0,29.89,29.89,21635.0,6.0,128.0,0.0,0.0,0.0,,16.0,24980.0,24980.0,0.0,331947.0,,,,14532.0,2321.0,2319.0,16757.0,11535.0,,4612.0,,36253.0,13808.0,13801.0,38889.0,30400.0,,45.0,16466.0,1605.0,0.0,0.0,3346.0,0.0,3353.0,100000.0,75020.0,24980.0,3345.0,16.0,3013.0,47.07
snapshot-idle-saturation.txt,BenchmarkSnapshotIdleTimer/Batch16/Ticker10ms-14,100000,93785.0,62.0,47.41,3034.0,0.0,29.45,29.45,22262.0,5.0,128.0,0.0,0.0,0.0,,16.0,25659.0,25659.0,0.0,329593.0,,,,14442.0,2354.0,2351.0,16652.0,11419.0,,4636.0,,34797.0,12829.0,12828.0,37150.0,28812.0,,45.0,15605.0,1551.0,0.0,0.0,3396.0,0.0,3402.0,100000.0,74341.0,25659.0,3397.0,16.0,3034.0,47.41
snapshot-idle-saturation.txt,BenchmarkSnapshotIdleTimer/Batch16/Idle100ms-14,100000,93771.0,62.0,48.89,3129.0,0.0,29.9,29.9,23059.0,2.0,128.0,0.0,0.0,0.0,,16.0,26405.0,26405.0,0.0,319566.0,,,,14187.0,2308.0,2306.0,16408.0,11273.0,,4600.0,,33748.0,11621.0,11619.0,36557.0,28554.0,,45.0,14204.0,0.0,0.0,0.0,3345.0,0.0,3347.0,100000.0,73595.0,26405.0,3346.0,16.0,3129.0,48.9
snapshot-idle-saturation.txt,BenchmarkSnapshotIdleTimer/Batch16/Idle100ms-14,100000,93790.0,62.0,46.86,2999.0,0.0,29.29,29.29,21755.0,1.0,128.0,0.0,0.0,0.0,,16.0,25169.0,25169.0,0.0,333444.0,,,,14389.0,2337.0,2335.0,16604.0,11350.0,,4623.0,,41455.0,15158.0,15152.0,44336.0,31623.0,,45.0,18287.0,0.0,0.0,0.0,3414.0,0.0,3415.0,100000.0,74831.0,25169.0,3414.0,16.0,2999.0,46.86
snapshot-idle-saturation.txt,BenchmarkSnapshotIdleTimer/Batch16/Idle100ms-14,100000,93794.0,62.0,45.67,2923.0,0.0,29.52,29.52,22487.0,3.0,128.0,0.0,0.0,0.0,,16.0,25878.0,25878.0,0.0,342162.0,,,,14406.0,2327.0,2325.0,16603.0,11367.0,,4613.0,,54671.0,14995.0,14993.0,57425.0,33106.0,,44.0,17645.0,0.0,0.0,0.0,3387.0,0.0,3391.0,100000.0,74122.0,25878.0,3391.0,16.0,2923.0,45.67
snapshot-idle-saturation.txt,BenchmarkSnapshotIdleTimer/Batch16/Idle100msBatch2ms-14,100000,93734.0,60.0,36.58,2341.0,0.0,29.39,29.39,5377.0,3.0,128.0,0.0,0.0,0.0,,16.0,8782.0,8782.0,8463.0,427164.0,,,,14321.0,2277.0,2275.0,16432.0,11327.0,,4495.0,,106114.0,39624.0,39622.0,109824.0,63522.0,,45.0,43033.0,0.0,0.0,0.0,3402.0,0.0,3406.0,100000.0,82755.0,17245.0,3405.0,16.0,2341.0,36.58
snapshot-idle-saturation.txt,BenchmarkSnapshotIdleTimer/Batch16/Idle100msBatch2ms-14,100000,93737.0,60.0,39.48,2526.0,0.0,28.99,28.99,5712.0,2.0,128.0,0.0,0.0,0.0,,16.0,9164.0,9164.0,8855.0,395807.0,,,,14290.0,2323.0,2321.0,16438.0,11273.0,,4551.0,,104316.0,29780.0,29776.0,106337.0,57501.0,,45.0,31970.0,0.0,0.0,0.0,3450.0,0.0,3453.0,100000.0,81981.0,18019.0,3452.0,16.0,2527.0,39.48
snapshot-idle-saturation.txt,BenchmarkSnapshotIdleTimer/Batch16/Idle100msBatch2ms-14,100000,93726.0,60.0,34.78,2226.0,0.0,28.99,28.99,5613.0,2.0,128.0,0.0,0.0,0.0,,16.0,9064.0,9064.0,8729.0,449251.0,,,,14428.0,2326.0,2324.0,16550.0,11375.0,,4553.0,,123306.0,41303.0,41301.0,126116.0,69312.0,,46.0,47732.0,0.0,0.0,0.0,3449.0,0.0,3452.0,100000.0,82207.0,17793.0,3451.0,16.0,2226.0,34.78
snapshot-idle-at-rate.txt,BenchmarkSnapshotIdleTimerAtRate/At1000/Ticker10ms-14,30000,6956.0,113.0,0.2441,999.9,0.0,1.281,1.281,6520.0,13.0,128.0,0.0,0.0,0.0,16978.0,4.0,29934.0,29934.0,0.0,1000051.0,1000.0,0.0,2285.0,1892.0,307.3,304.8,2262.0,1578.0,24.08,670.8,3644.0,3118.0,533.8,530.6,3611.0,2629.0,59.75,2.0,1026.0,2980.0,0.0,0.0,23415.0,0.0,23428.0,30000.0,66.0,29934.0,23414.0,16.0,1000.0,0.2441
snapshot-idle-at-rate.txt,BenchmarkSnapshotIdleTimerAtRate/At1000/Ticker10ms-14,30000,6935.0,113.0,0.2441,1000.0,0.0,1.29,1.29,6703.0,8.0,128.0,0.0,0.0,0.0,15031.0,1.0,29962.0,29962.0,0.0,1000032.0,1000.0,0.0,2293.0,1913.0,307.8,305.1,2269.0,1603.0,24.58,658.9,3362.0,2930.0,454.4,451.6,3337.0,2548.0,59.33,2.0,904.0,2985.0,0.0,0.0,23258.0,0.0,23267.0,30000.0,38.0,29962.0,23259.0,16.0,1000.0,0.2441
snapshot-idle-at-rate.txt,BenchmarkSnapshotIdleTimerAtRate/At1000/Ticker10ms-14,30000,6921.0,113.0,0.2441,1000.0,0.0,1.298,1.298,6752.0,6.0,128.0,0.0,0.0,0.0,43095.0,11.0,29872.0,29872.0,0.0,1000040.0,1000.0,0.0,2295.0,1912.0,311.0,308.3,2272.0,1599.0,24.58,664.0,5508.0,4633.0,867.5,864.0,5462.0,3447.0,64.67,2.0,1780.0,2958.0,0.0,0.0,23121.0,0.0,23128.0,30000.0,128.0,29872.0,23120.0,16.0,1000.0,0.2441
snapshot-idle-at-rate.txt,BenchmarkSnapshotIdleTimerAtRate/At1000/Idle100ms-14,30000,6864.0,112.0,0.2441,1000.0,0.0,1.331,1.331,7375.0,2.0,128.0,0.0,0.0,0.0,29513.0,9.0,29918.0,29918.0,0.0,1000024.0,1000.0,0.0,2342.0,1961.0,311.4,308.8,2317.0,1650.0,25.42,664.8,4428.0,3756.0,628.2,623.4,4376.0,3001.0,63.54,2.0,1231.0,0.0,0.0,0.0,22541.0,0.0,22544.0,30000.0,82.0,29918.0,22543.0,16.0,1000.0,0.2441
snapshot-idle-at-rate.txt,BenchmarkSnapshotIdleTimerAtRate/At1000/Idle100ms-14,30000,6851.0,111.0,0.2441,999.9,0.0,1.338,1.338,7530.0,3.0,128.0,0.0,0.0,0.0,15087.0,4.0,29962.0,29962.0,0.0,1000088.0,1000.0,0.0,2358.0,1976.0,329.4,326.7,2337.0,1647.0,24.21,688.0,3867.0,3312.0,559.3,555.8,3842.0,2830.0,60.67,2.0,1096.0,0.0,0.0,0.0,22429.0,0.0,22432.0,30000.0,38.0,29962.0,22432.0,16.0,1000.0,0.2441
snapshot-idle-at-rate.txt,BenchmarkSnapshotIdleTimerAtRate/At1000/Idle100ms-14,30000,6876.0,112.0,0.2441,1000.0,0.0,1.323,1.323,7294.0,4.0,128.0,0.0,0.0,0.0,13551.0,1.0,29978.0,29978.0,0.0,1000025.0,1000.0,0.0,2347.0,1958.0,310.0,307.3,2325.0,1650.0,23.71,675.4,3548.0,3080.0,495.0,491.9,3520.0,2689.0,55.67,2.0,985.5,0.0,0.0,0.0,22677.0,0.0,22682.0,30000.0,22.0,29978.0,22684.0,16.0,1000.0,0.2441
snapshot-idle-at-rate.txt,BenchmarkSnapshotIdleTimerAtRate/At1000/Idle100msBatch2ms-14,30000,5432.0,79.0,0.2441,999.9,0.0,2.98,2.98,0.0,1.0,128.0,0.0,0.0,0.0,16267.0,2.0,10068.0,10068.0,10066.0,1000112.0,1000.0,0.0,3418.0,3008.0,294.6,293.0,3387.0,2704.0,35.25,672.0,4904.0,4400.0,504.2,501.4,4878.0,4011.0,78.58,3.0,1012.0,0.0,0.0,0.0,10068.0,0.0,10069.0,30000.0,9866.0,20134.0,10068.0,16.0,1000.0,0.2441
snapshot-idle-at-rate.txt,BenchmarkSnapshotIdleTimerAtRate/At1000/Idle100msBatch2ms-14,30000,5427.0,79.0,0.2441,1000.0,0.0,3.0,3.0,35.0,1.0,128.0,0.0,0.0,0.0,46197.0,7.0,10034.0,10034.0,10012.0,1000044.0,1000.0,0.0,3439.0,3029.0,297.1,295.3,3408.0,2721.0,34.0,671.0,8442.0,6814.0,1302.0,1296.0,8079.0,5204.0,82.75,4.0,2521.0,0.0,0.0,0.0,9999.0,0.0,10000.0,30000.0,9954.0,20046.0,9999.0,16.0,1000.0,0.2441
snapshot-idle-at-rate.txt,BenchmarkSnapshotIdleTimerAtRate/At1000/Idle100msBatch2ms-14,30000,5428.0,79.0,0.2441,1000.0,0.0,2.989,2.989,18.0,1.0,128.0,0.0,0.0,0.0,15574.0,3.0,10054.0,10054.0,10035.0,1000049.0,1000.0,0.0,3448.0,3036.0,299.9,298.2,3418.0,2723.0,33.21,680.0,5803.0,4922.0,685.3,683.8,5752.0,4289.0,75.46,4.0,1669.0,0.0,0.0,0.0,10036.0,0.0,10037.0,30000.0,9911.0,20089.0,10036.0,16.0,1000.0,0.2441
snapshot-idle-at-rate.txt,BenchmarkSnapshotIdleTimerAtRate/At3000/Ticker10ms-14,30000,4955.0,74.0,0.7322,2999.0,0.0,8.009,8.009,21593.0,3.0,128.0,0.0,0.0,0.0,135598.0,14.0,25340.0,25340.0,0.0,333415.0,3000.0,2.743,4544.0,3827.0,629.1,626.6,4517.0,3208.0,25.71,1310.0,106598.0,24477.0,4734.0,4723.0,28411.0,19576.0,85829.0,27.0,7902.0,904.0,0.0,0.0,3746.0,0.0,3750.0,30000.0,4660.0,25340.0,3747.0,16.0,3000.0,0.7324
snapshot-idle-at-rate.txt,BenchmarkSnapshotIdleTimerAtRate/At3000/Ticker10ms-14,30000,4999.0,75.0,0.7323,2999.0,0.003333,7.665,7.665,22623.0,3.0,128.0,0.0,0.0,0.0,16207.0,5.0,26538.0,26538.0,0.0,333399.0,3000.0,0.0,4492.0,3764.0,621.4,618.8,4464.0,3147.0,24.33,1301.0,7178.0,6213.0,1058.0,1055.0,7002.0,5268.0,80.38,11.0,1946.0,941.0,0.0,0.0,3914.0,0.0,3918.0,30000.0,3462.0,26538.0,3915.0,16.0,3000.0,0.7323
snapshot-idle-at-rate.txt,BenchmarkSnapshotIdleTimerAtRate/At3000/Ticker10ms-14,30000,4991.0,75.0,0.7323,2999.0,0.0,7.831,7.831,22341.0,3.0,128.0,0.0,0.0,0.0,19385.0,9.0,26173.0,26173.0,0.0,333401.0,3000.0,0.0,4567.0,3841.0,636.5,633.9,4539.0,3206.0,24.33,1326.0,8037.0,6850.0,1144.0,1141.0,7831.0,5713.0,81.42,11.0,2145.0,933.0,0.0,0.0,3831.0,0.0,3835.0,30000.0,3827.0,26173.0,3832.0,16.0,3000.0,0.7323
snapshot-idle-at-rate.txt,BenchmarkSnapshotIdleTimerAtRate/At3000/Idle100ms-14,30000,5000.0,75.0,0.7322,2999.0,0.0,7.612,7.612,22595.0,1.0,128.0,0.0,0.0,0.0,23095.0,8.0,26536.0,26536.0,0.0,333415.0,3000.0,0.0,4450.0,3732.0,616.8,614.2,4424.0,3114.0,23.79,1289.0,8374.0,7059.0,1151.0,1151.0,7868.0,5689.0,83.21,11.0,2208.0,0.0,0.0,0.0,3941.0,0.0,3942.0,30000.0,3464.0,26536.0,3941.0,16.0,3000.0,0.7324
snapshot-idle-at-rate.txt,BenchmarkSnapshotIdleTimerAtRate/At3000/Idle100ms-14,30000,4985.0,75.0,0.7323,2999.0,0.0,7.862,7.862,22160.0,1.0,128.0,0.0,0.0,0.0,19977.0,5.0,25977.0,25977.0,0.0,333394.0,3000.0,0.0,4570.0,3846.0,635.8,632.9,4543.0,3205.0,24.54,1322.0,9899.0,8179.0,1600.0,1598.0,8974.0,6031.0,95.54,15.0,2713.0,0.0,0.0,0.0,3816.0,0.0,3818.0,30000.0,4023.0,25977.0,3817.0,16.0,3000.0,0.7324
snapshot-idle-at-rate.txt,BenchmarkSnapshotIdleTimerAtRate/At3000/Idle100ms-14,30000,4993.0,75.0,0.7322,2999.0,0.0,7.736,7.736,22541.0,1.0,128.0,0.0,0.0,0.0,22458.0,7.0,26419.0,26419.0,0.0,333424.0,3000.0,0.0,4506.0,3786.0,619.2,616.5,4479.0,3167.0,24.38,1300.0,8637.0,7298.0,1290.0,1289.0,8104.0,5986.0,86.71,12.0,2425.0,0.0,0.0,0.0,3878.0,0.0,3879.0,30000.0,3581.0,26419.0,3878.0,16.0,3000.0,0.7324
snapshot-idle-at-rate.txt,BenchmarkSnapshotIdleTimerAtRate/At3000/Idle100msBatch2ms-14,30000,4704.0,65.0,0.7322,2999.0,0.0,7.203,7.203,10.0,1.0,128.0,0.0,0.0,0.0,85051.0,5.0,4175.0,4175.0,4175.0,333433.0,3000.0,0.61,3743.0,3177.0,483.4,480.8,3716.0,2694.0,26.0,1024.0,26382.0,6815.0,1043.0,1037.0,7817.0,5448.0,13338.0,9.0,2122.0,0.0,0.0,0.0,4165.0,0.0,4166.0,30000.0,21650.0,8350.0,4165.0,16.0,3000.0,0.7324
snapshot-idle-at-rate.txt,BenchmarkSnapshotIdleTimerAtRate/At3000/Idle100msBatch2ms-14,30000,4711.0,65.0,0.7322,2999.0,0.0,7.123,7.123,9.0,1.0,128.0,0.0,0.0,0.0,23957.0,4.0,4221.0,4221.0,4221.0,333421.0,3000.0,0.0,3685.0,3130.0,476.6,474.0,3661.0,2653.0,25.29,1011.0,6157.0,5171.0,814.9,812.2,5825.0,4452.0,72.04,9.0,1478.0,0.0,0.0,0.0,4212.0,0.0,4213.0,30000.0,21558.0,8442.0,4212.0,16.0,3000.0,0.7324
snapshot-idle-at-rate.txt,BenchmarkSnapshotIdleTimerAtRate/At3000/Idle100msBatch2ms-14,30000,4706.0,65.0,0.7322,2999.0,0.0,7.189,7.189,16.0,1.0,128.0,0.0,0.0,0.0,47023.0,5.0,4189.0,4189.0,4189.0,333419.0,3000.0,0.0,3767.0,3200.0,485.5,482.8,3738.0,2714.0,26.46,1023.0,10006.0,6459.0,1103.0,1101.0,7504.0,5288.0,79.88,10.0,2221.0,0.0,0.0,0.0,4173.0,0.0,4174.0,30000.0,21622.0,8378.0,4173.0,16.0,3000.0,0.7324
snapshot-idle-faults.txt,BenchmarkSnapshotIdleTimerFaults/Rollback/Ticker10ms-14,20000,6322.0,94.0,0.2441,999.9,0.0,1.351,1.351,5166.0,10.0,128.0,0.0,0.0,20.0,15019.0,1.0,19976.0,19976.0,0.0,1000150.0,1000.0,0.0,2597.0,1969.0,288.5,195.5,2570.0,1676.0,26.5,883.7,3672.0,2958.0,431.1,267.8,3646.0,2612.0,63.54,2.0,1174.0,1984.0,0.0,0.0,14808.0,0.0,14819.0,20000.0,24.0,19976.0,14810.0,16.0,1000.0,0.2441
snapshot-idle-faults.txt,BenchmarkSnapshotIdleTimerFaults/Rollback/Idle100ms-14,20000,6237.0,93.0,0.2441,999.9,0.0,1.402,1.402,5682.0,11.0,128.0,0.0,0.0,20.0,16281.0,4.0,19957.0,19957.0,0.0,1000110.0,1000.0,0.0,2658.0,2033.0,306.5,185.4,2631.0,1721.0,27.17,894.7,4926.0,3916.0,621.2,320.6,4886.0,3302.0,67.67,2.0,1633.0,0.0,0.0,0.0,14264.0,0.0,14275.0,20000.0,43.0,19957.0,14275.0,16.0,1000.0,0.2441
snapshot-idle-faults.txt,BenchmarkSnapshotIdleTimerFaults/Rollback/Idle100msBatch2ms-14,20000,4906.0,62.0,0.2441,999.9,0.0,3.005,3.005,13.0,1.0,128.0,0.0,0.0,20.0,31070.0,3.0,6668.0,6668.0,6654.0,1000065.0,1000.0,0.0,3534.0,2959.0,265.0,183.7,3508.0,2698.0,31.21,805.5,6346.0,5194.0,785.2,356.8,6302.0,4425.0,69.79,4.0,1996.0,0.0,0.0,0.0,6655.0,0.0,6656.0,20000.0,6677.0,13323.0,6655.0,16.0,1000.0,0.2441
snapshot-idle-faults.txt,BenchmarkSnapshotIdleTimerFaults/BeforeInsert200ms/Ticker10ms-14,20000,6194.0,92.0,0.2417,989.9,0.0,1.435,1.435,6021.0,31.0,128.0,0.0,0.0,0.0,207002.0,3.0,19951.0,19951.0,0.0,1010213.0,1000.0,0.1,2710.0,2073.0,292.6,197.3,2680.0,1777.0,27.62,890.8,6921.0,5439.0,988.9,448.0,6874.0,4363.0,70.21,3.0,2386.0,2004.0,0.0,0.0,13933.0,0.0,13964.0,20000.0,49.0,19951.0,13930.0,16.0,990.0,0.2417
snapshot-idle-faults.txt,BenchmarkSnapshotIdleTimerFaults/BeforeInsert200ms/Idle100ms-14,20000,6250.0,93.0,0.2417,989.8,0.0,1.394,1.394,5597.0,8.0,128.0,0.0,0.0,0.0,206282.0,3.0,19954.0,19954.0,0.0,1010264.0,1000.0,0.1,2647.0,2016.0,300.9,184.5,2618.0,1708.0,28.0,893.2,4496.0,3500.0,582.6,271.5,4459.0,2840.0,68.33,2.0,1470.0,1.0,0.0,0.0,14351.0,0.0,14359.0,20000.0,46.0,19954.0,14357.0,16.0,990.0,0.2417
snapshot-idle-faults.txt,BenchmarkSnapshotIdleTimerFaults/BeforeInsert200ms/Idle100msBatch2ms-14,20000,4905.0,62.0,0.2416,989.8,0.0,3.001,3.001,0.0,2.0,128.0,0.0,0.0,0.0,207671.0,3.0,6665.0,6665.0,6662.0,1010335.0,1000.0,0.1,3547.0,2971.0,259.2,171.2,3522.0,2716.0,31.33,799.5,5047.0,4334.0,451.9,286.2,5011.0,3985.0,67.75,4.0,1197.0,2.0,0.0,0.0,6665.0,0.0,6668.0,20000.0,6673.0,13327.0,6665.0,16.0,989.9,0.2417
snapshot-idle-faults.txt,BenchmarkSnapshotIdleTimerFaults/AfterInsert200ms/Ticker10ms-14,20000,6275.0,93.0,0.2417,989.9,0.0,1.379,1.379,5443.0,33.0,128.0,0.0,0.0,0.0,205540.0,2.0,19958.0,19958.0,0.0,1010228.0,1000.0,0.1,2634.0,2010.0,289.2,184.6,2607.0,1719.0,26.17,881.7,4173.0,3295.0,497.4,272.7,4150.0,2813.0,64.29,2.0,1332.0,2010.0,0.0,0.0,14505.0,0.0,14539.0,20000.0,42.0,19958.0,14515.0,16.0,990.0,0.2417
snapshot-idle-faults.txt,BenchmarkSnapshotIdleTimerFaults/AfterInsert200ms/Idle100ms-14,20000,6254.0,93.0,0.2416,989.7,0.0,1.392,1.392,5590.0,9.0,128.0,0.0,0.0,0.0,208385.0,5.0,19971.0,19971.0,0.0,1010371.0,1000.0,0.1,2631.0,2020.0,302.9,182.5,2604.0,1714.0,26.38,881.8,4574.0,3486.0,557.2,293.4,4531.0,2995.0,63.58,2.0,1456.0,2.0,0.0,0.0,14372.0,0.0,14382.0,20000.0,29.0,19971.0,14381.0,16.0,990.0,0.2417
snapshot-idle-faults.txt,BenchmarkSnapshotIdleTimerFaults/AfterInsert200ms/Idle100msBatch2ms-14,20000,4909.0,62.0,0.2416,989.7,0.0,2.993,2.993,4.0,2.0,128.0,0.0,0.0,0.0,209713.0,2.0,6686.0,6686.0,6683.0,1010439.0,1000.0,0.1,3616.0,3020.0,273.7,187.1,3590.0,2742.0,30.67,828.1,5274.0,4499.0,548.6,311.8,5238.0,4110.0,69.12,4.0,1327.0,2.0,0.0,0.0,6682.0,0.0,6685.0,20000.0,6631.0,13369.0,6682.0,16.0,990.0,0.2417
