file,benchmark,transactions,B/op,allocs/op,applied-MiB/s,applied-batches/s,applied-before-commit-pct,avg-tx-per-epoch,avg-tx-per-fetch,empty-fetches,fetch-limit,gap-fills,gap-observations,injected-rollbacks,max-arrival-to-apply-us,max-snapshot-exceptions,ns/op,offered-writes/s,over-50ms-arrival-pct,p50-arrival-to-apply-us,p50-commit-to-apply-us,p50-commit-us,p50-journal-append-us,p50-op-to-apply-us,p50-remaining-us,p50-schedule-lag-us,p50-write-us,p99-arrival-to-apply-us,p99-commit-to-apply-us,p99-commit-us,p99-journal-append-us,p99-op-to-apply-us,p99-remaining-us,p99-schedule-lag-us,p99-tx-per-fetch,p99-write-us,repair-lock-timeouts,sequence-retries,snapshot-epochs,snapshot-replays,writers,writes/s,written-MiB/s
snapshot-saturation.txt,BenchmarkSnapshotJournal/SingleRow/SnapshotPollPipelined-14,100000,3975.0,51.0,1.835,7518.0,0.0,75.3,75.3,3.0,128.0,0.0,0.0,0.0,,9.0,133012.0,,,,9587.0,1040.0,1038.0,10621.0,8513.0,,2072.0,,18768.0,1862.0,1860.0,19838.0,17430.0,,87.0,3335.0,0.0,0.0,1328.0,0.0,16.0,7523.0,1.837
snapshot-saturation.txt,BenchmarkSnapshotJournal/SingleRow/SnapshotPollPipelined-14,100000,3972.0,51.0,1.846,7561.0,0.0,75.59,75.59,2.0,128.0,0.0,0.0,0.0,,9.0,132256.0,,,,9524.0,1041.0,1039.0,10554.0,8462.0,,2071.0,,18383.0,1782.0,1778.0,19472.0,17126.0,,87.0,3166.0,0.0,0.0,1323.0,0.0,16.0,7566.0,1.847
snapshot-saturation.txt,BenchmarkSnapshotJournal/SingleRow/SnapshotPollPipelined-14,100000,3974.0,51.0,1.807,7400.0,0.0,74.07,74.07,3.0,128.0,0.0,0.0,0.0,,8.0,135142.0,,,,9597.0,1048.0,1046.0,10640.0,8504.0,,2084.0,,18950.0,2284.0,2283.0,20237.0,17576.0,,87.0,4004.0,0.0,0.0,1350.0,0.0,16.0,7404.0,1.808
snapshot-saturation.txt,BenchmarkSnapshotJournal/SingleRow/SequencePollPipelined-14,100000,3883.0,51.0,1.924,7879.0,0.028,,79.03,3.0,128.0,0.0,160.0,0.0,,,126918.0,,,,6276.0,993.3,991.0,7256.0,5259.0,,1982.0,,11364.0,1768.0,1767.0,12452.0,10220.0,,89.0,3175.0,0.0,0.0,,,16.0,7882.0,1.924
snapshot-saturation.txt,BenchmarkSnapshotJournal/SingleRow/SequencePollPipelined-14,100000,3883.0,51.0,1.917,7854.0,0.034,,78.68,2.0,128.0,0.0,138.0,0.0,,,127327.0,,,,6296.0,1000.0,998.0,7294.0,5269.0,,2000.0,,11333.0,1705.0,1703.0,12440.0,10214.0,,89.0,3004.0,0.0,0.0,,,16.0,7856.0,1.918
snapshot-saturation.txt,BenchmarkSnapshotJournal/SingleRow/SequencePollPipelined-14,100000,3886.0,51.0,1.848,7568.0,0.016,,77.05,13.0,128.0,0.0,141.0,0.0,,,132139.0,,,,6350.0,1018.0,1016.0,7367.0,5312.0,,2028.0,,11453.0,1734.0,1731.0,12567.0,10268.0,,88.0,3088.0,0.0,0.0,,,16.0,7571.0,1.848
snapshot-saturation.txt,BenchmarkSnapshotJournal/SingleRow/LogicalSlot-14,100000,2501.0,34.0,1.827,7482.0,27.79,,,,,,,,,,133647.0,,,,1129.0,1041.0,,2190.0,74.79,,2102.0,,1900.0,1737.0,,3253.0,543.8,,,3116.0,,,,,16.0,7482.0,1.827
snapshot-saturation.txt,BenchmarkSnapshotJournal/SingleRow/LogicalSlot-14,100000,2502.0,34.0,1.87,7658.0,26.34,,,,,,,,,,130575.0,,,,1109.0,1020.0,,2148.0,74.29,,2060.0,,1735.0,1604.0,,3014.0,499.1,,,2890.0,,,,,16.0,7658.0,1.87
snapshot-saturation.txt,BenchmarkSnapshotJournal/SingleRow/LogicalSlot-14,100000,2502.0,34.0,1.883,7713.0,27.77,,,,,,,,,,129647.0,,,,1099.0,1014.0,,2137.0,71.33,,2051.0,,1736.0,1592.0,,2998.0,510.6,,,2872.0,,,,,16.0,7713.0,1.883
snapshot-saturation.txt,BenchmarkSnapshotJournal/Batch16/SnapshotPollPipelined-14,100000,93631.0,58.0,48.09,3077.0,0.0,33.03,33.03,3.0,128.0,0.0,0.0,0.0,,16.0,324939.0,,,,14785.0,2244.0,2242.0,16959.0,11776.0,,4421.0,,36485.0,14961.0,14958.0,39004.0,31157.0,,47.0,17641.0,0.0,0.0,3028.0,0.0,16.0,3078.0,48.1
snapshot-saturation.txt,BenchmarkSnapshotJournal/Batch16/SnapshotPollPipelined-14,100000,93656.0,58.0,44.55,2851.0,0.0,31.96,31.96,3.0,128.0,0.0,0.0,0.0,,16.0,350723.0,,,,15232.0,2355.0,2353.0,17401.0,12056.0,,4572.0,,64028.0,17973.0,17971.0,69397.0,49169.0,,45.0,23536.0,0.0,0.0,3129.0,0.0,16.0,2852.0,44.56
snapshot-saturation.txt,BenchmarkSnapshotJournal/Batch16/SnapshotPollPipelined-14,100000,93658.0,58.0,45.46,2909.0,0.0,32.37,32.37,4.0,128.0,0.0,0.0,0.0,,15.0,343704.0,,,,14885.0,2312.0,2310.0,17083.0,11820.0,,4513.0,,78158.0,16097.0,16094.0,82331.0,57002.0,,45.0,20788.0,0.0,0.0,3089.0,0.0,16.0,2910.0,45.46
snapshot-saturation.txt,BenchmarkSnapshotJournal/Batch16/SequencePollPipelined-14,100000,93647.0,56.0,49.98,3198.0,0.001,,33.39,124.0,128.0,0.0,224.0,0.0,,,312653.0,,,,9418.0,2216.0,2214.0,11779.0,7020.0,,4364.0,,21360.0,12542.0,12540.0,24146.0,13062.0,,45.0,14965.0,0.0,0.0,,,16.0,3199.0,49.98
snapshot-saturation.txt,BenchmarkSnapshotJournal/Batch16/SequencePollPipelined-14,100000,93677.0,56.0,48.88,3128.0,0.0,,32.98,152.0,128.0,0.0,259.0,0.0,,,319676.0,,,,9387.0,2232.0,2230.0,11813.0,6981.0,,4397.0,,24176.0,14979.0,14978.0,26542.0,13138.0,,45.0,17490.0,0.0,0.0,,,16.0,3129.0,48.89
snapshot-saturation.txt,BenchmarkSnapshotJournal/Batch16/SequencePollPipelined-14,100000,93662.0,56.0,50.35,3222.0,0.002,,33.74,119.0,128.0,0.0,253.0,0.0,,,310323.0,,,,9350.0,2197.0,2195.0,11677.0,6968.0,,4335.0,,21852.0,12985.0,12985.0,24717.0,13096.0,,45.0,15429.0,0.0,0.0,,,16.0,3223.0,50.36
snapshot-saturation.txt,BenchmarkSnapshotJournal/Batch16/LogicalSlot-14,100000,57692.0,246.0,78.88,5048.0,1.744,,,,,,,,,,198091.0,,,,1805.0,1172.0,,3306.0,584.2,,2661.0,,15394.0,14486.0,,17346.0,2386.0,,,16283.0,,,,,16.0,5048.0,78.88
snapshot-saturation.txt,BenchmarkSnapshotJournal/Batch16/LogicalSlot-14,100000,57693.0,246.0,74.04,4739.0,1.815,,,,,,,,,,211033.0,,,,1805.0,1164.0,,3281.0,588.7,,2628.0,,14301.0,13293.0,,15926.0,2345.0,,,14888.0,,,,,16.0,4739.0,74.04
snapshot-saturation.txt,BenchmarkSnapshotJournal/Batch16/LogicalSlot-14,100000,57693.0,246.0,63.44,4060.0,1.795,,,,,,,,,,246298.0,,,,1793.0,1179.0,,3280.0,571.2,,2655.0,,15772.0,14654.0,,17395.0,2464.0,,,16108.0,,,,,16.0,4060.0,63.44
snapshot-at-rate.txt,BenchmarkSnapshotJournalAtRate/At1000/SnapshotPollPipelined-14,30000,4541.0,60.0,0.2441,999.8,0.0,10.03,10.03,3.0,128.0,0.0,0.0,0.0,116824.0,0.0,1000211.0,1000.0,0.2833,7530.0,7079.0,300.6,299.0,7460.0,6678.0,43.75,688.7,12468.0,11813.0,797.8,795.6,12264.0,11399.0,77.75,11.0,1579.0,0.0,0.0,2992.0,0.0,16.0,1000.0,0.2441
snapshot-at-rate.txt,BenchmarkSnapshotJournalAtRate/At1000/SequencePollPipelined-14,30000,4704.0,55.0,0.2441,999.9,0.03,,10.0,3.0,128.0,0.0,0.0,0.0,34564.0,,1000068.0,1000.0,0.0,5838.0,5410.0,306.5,304.6,5793.0,5098.0,45.42,684.4,10985.0,10492.0,1562.0,1559.0,10930.0,10077.0,104.1,11.0,2340.0,0.0,0.0,,,16.0,1000.0,0.2441
snapshot-at-rate.txt,BenchmarkSnapshotJournalAtRate/At1000/LogicalSlot-14,30000,2829.0,39.0,0.2441,1000.0,26.91,,,,,,,,101901.0,,999989.0,1000.0,0.4433,729.1,312.7,302.6,,672.2,7.25,57.42,662.0,3912.0,1041.0,939.3,,2114.0,142.8,368.2,,2031.0,,,,,16.0,1000.0,0.2441
snapshot-at-rate.txt,BenchmarkSnapshotJournalAtRate/At3000/SnapshotPollPipelined-14,30000,4297.0,56.0,0.7323,3000.0,0.0,30.0,30.0,3.0,128.0,0.0,0.0,0.0,30015.0,0.0,333386.0,3000.0,0.0,7395.0,6980.0,340.8,338.5,7358.0,6614.0,25.46,720.4,13076.0,12221.0,1252.0,1247.0,12730.0,11605.0,66.75,32.0,2130.0,0.0,0.0,1000.0,0.0,16.0,3000.0,0.7324
snapshot-at-rate.txt,BenchmarkSnapshotJournalAtRate/At3000/SequencePollPipelined-14,30000,4296.0,54.0,0.7319,2998.0,0.003333,,29.98,4.0,128.0,0.0,4.0,0.0,26517.0,,333590.0,3000.0,0.0,5976.0,5575.0,337.0,334.6,5942.0,5125.0,25.42,709.0,11989.0,10667.0,2418.0,2410.0,11282.0,9946.0,255.4,35.0,3228.0,0.0,0.0,,,16.0,3000.0,0.7324
snapshot-at-rate.txt,BenchmarkSnapshotJournalAtRate/At3000/LogicalSlot-14,30000,2820.0,38.0,0.7324,3000.0,29.9,,,,,,,,77027.0,,333353.0,3000.0,0.9533,951.7,446.2,418.2,,925.9,23.12,26.92,897.7,48676.0,3909.0,3675.0,,6457.0,347.3,43377.0,,6418.0,,,,,16.0,3000.0,0.7324
snapshot-faults.txt,BenchmarkSnapshotJournalFaults/Rollback/SnapshotPoll-14,20000,4026.0,43.0,0.2441,999.8,0.0,9.995,9.995,2.0,128.0,0.0,0.0,20.0,26784.0,1.0,1000212.0,1000.0,0.0,7400.0,6841.0,271.6,173.4,7364.0,6552.0,30.83,799.0,12049.0,11274.0,741.5,334.5,12004.0,10884.0,60.71,10.0,1867.0,0.0,0.0,2001.0,0.0,16.0,1000.0,0.2441
snapshot-faults.txt,BenchmarkSnapshotJournalFaults/Rollback/SnapshotPoll-14,20000,4018.0,43.0,0.244,999.4,0.0,9.995,9.995,3.0,128.0,0.0,0.0,20.0,22595.0,0.0,1000597.0,1000.0,0.0,7008.0,6467.0,266.2,170.8,6968.0,6181.0,33.17,773.0,11567.0,10854.0,1087.0,290.0,11536.0,10497.0,72.17,11.0,1684.0,0.0,0.0,2001.0,0.0,16.0,1000.0,0.2441
snapshot-faults.txt,BenchmarkSnapshotJournalFaults/Rollback/SnapshotPoll-14,20000,4016.0,43.0,0.2441,999.7,0.0,9.995,9.995,2.0,128.0,0.0,0.0,20.0,29579.0,1.0,1000257.0,1000.0,0.0,6848.0,6318.0,268.8,172.8,6809.0,6040.0,32.71,781.9,12215.0,11530.0,1018.0,314.8,12160.0,10970.0,60.17,11.0,2325.0,0.0,0.0,2001.0,0.0,16.0,1000.0,0.2441
snapshot-faults.txt,BenchmarkSnapshotJournalFaults/Rollback/SequencePoll-14,20000,4402.0,40.0,0.2428,994.6,0.005,,15.6,2.0,128.0,20.0,20.0,20.0,117558.0,,1005386.0,1000.0,5.565,6795.0,6263.0,251.2,161.4,6757.0,6006.0,35.79,745.1,97988.0,97444.0,1256.0,267.5,97964.0,97179.0,73.67,106.0,1822.0,0.0,0.0,,,16.0,1000.0,0.2441
snapshot-faults.txt,BenchmarkSnapshotJournalFaults/Rollback/SequencePoll-14,20000,4414.0,40.0,0.2427,994.1,0.0,,15.79,3.0,128.0,20.0,20.0,20.0,120271.0,,1005964.0,1000.0,5.735,6481.0,5935.0,268.8,170.1,6449.0,5662.0,33.5,778.0,99800.0,99252.0,937.7,317.4,99766.0,98945.0,72.71,107.0,1843.0,0.0,0.0,,,16.0,1000.0,0.2441
snapshot-faults.txt,BenchmarkSnapshotJournalFaults/Rollback/SequencePoll-14,20000,4395.0,40.0,0.2429,994.8,0.03,,15.38,10.0,128.0,20.0,21.0,20.0,114450.0,,1005230.0,1000.0,5.305,6829.0,5739.0,273.3,173.0,6792.0,5223.0,31.17,792.2,95418.0,94893.0,3653.0,503.4,95386.0,94600.0,80.96,103.0,5166.0,0.0,0.0,,,16.0,1000.0,0.2441
snapshot-faults.txt,BenchmarkSnapshotJournalFaults/BeforeInsert200ms/SnapshotPoll-14,20000,4021.0,43.0,0.2415,989.2,0.0,9.995,9.995,22.0,128.0,0.0,0.0,0.0,218599.0,1.0,1010880.0,1000.0,0.1,7657.0,7111.0,270.8,171.3,7623.0,6768.0,32.88,788.8,12610.0,11817.0,1722.0,318.5,12520.0,11314.0,73.42,11.0,2566.0,0.0,0.0,2001.0,0.0,16.0,989.7,0.2416
snapshot-faults.txt,BenchmarkSnapshotJournalFaults/BeforeInsert200ms/SnapshotPoll-14,20000,4019.0,43.0,0.2416,989.6,0.0,10.01,10.01,22.0,128.0,0.0,0.0,0.0,212172.0,1.0,1010559.0,1000.0,0.1,7000.0,6451.0,266.7,166.7,6960.0,6158.0,33.33,776.5,11728.0,10919.0,555.7,315.5,11638.0,10573.0,59.33,11.0,1485.0,0.0,0.0,1999.0,0.0,16.0,990.0,0.2417
snapshot-faults.txt,BenchmarkSnapshotJournalFaults/BeforeInsert200ms/SnapshotPoll-14,20000,4016.0,43.0,0.2416,989.4,0.0,10.07,10.07,23.0,128.0,0.0,0.0,0.0,332346.0,1.0,1010691.0,1000.0,0.97,7513.0,6957.0,268.8,169.7,7471.0,6566.0,33.12,788.0,43712.0,14200.0,4298.0,473.9,15590.0,11921.0,2247.0,13.0,5797.0,0.0,0.0,1986.0,0.0,16.0,990.0,0.2417
snapshot-faults.txt,BenchmarkSnapshotJournalFaults/BeforeInsert200ms/SequencePoll-14,20000,4401.0,40.0,0.2417,989.9,0.0,,15.49,21.0,128.0,19.0,19.0,0.0,205719.0,,1010236.0,1000.0,5.45,6105.0,5575.0,268.8,173.5,6076.0,5310.0,32.12,779.8,96846.0,95277.0,419.5,286.2,96827.0,95017.0,54.04,104.0,1146.0,0.0,19.0,,,16.0,990.0,0.2417
snapshot-faults.txt,BenchmarkSnapshotJournalFaults/BeforeInsert200ms/SequencePoll-14,20000,4408.0,40.0,0.2417,989.9,0.0,,15.77,30.0,128.0,19.0,20.0,0.0,215370.0,,1010236.0,1000.0,6.105,6308.0,5743.0,279.5,173.2,6269.0,5449.0,31.21,803.8,100450.0,98574.0,2923.0,699.2,100275.0,97338.0,190.7,106.0,6793.0,0.0,19.0,,,16.0,990.0,0.2417
snapshot-faults.txt,BenchmarkSnapshotJournalFaults/BeforeInsert200ms/SequencePoll-14,20000,4407.0,40.0,0.2417,990.0,0.005,,15.73,33.0,128.0,19.0,20.0,0.0,253124.0,,1010114.0,1000.0,6.125,6169.0,5629.0,273.5,171.8,6137.0,5351.0,31.04,791.9,100967.0,98091.0,1375.0,368.0,99630.0,96879.0,84.71,104.0,2554.0,0.0,19.0,,,16.0,990.0,0.2417
snapshot-faults.txt,BenchmarkSnapshotJournalFaults/AfterInsert200ms/SnapshotPoll-14,20000,4018.0,43.0,0.2416,989.7,0.0,9.995,9.995,21.0,128.0,0.0,0.0,0.0,210906.0,1.0,1010357.0,1000.0,0.1,7027.0,6487.0,270.1,175.7,6991.0,6199.0,33.12,785.0,15324.0,13911.0,4271.0,326.0,15273.0,11214.0,75.67,12.0,5647.0,0.0,0.0,2001.0,0.0,16.0,990.1,0.2417
snapshot-faults.txt,BenchmarkSnapshotJournalFaults/AfterInsert200ms/SnapshotPoll-14,20000,4017.0,43.0,0.2416,989.7,0.0,9.99,9.99,21.0,128.0,0.0,0.0,0.0,208795.0,1.0,1010390.0,1000.0,0.1,7709.0,7149.0,279.3,174.6,7670.0,6785.0,32.08,800.2,12612.0,11923.0,1612.0,332.9,12564.0,11457.0,81.96,11.0,2284.0,0.0,0.0,2002.0,0.0,16.0,990.1,0.2417
snapshot-faults.txt,BenchmarkSnapshotJournalFaults/AfterInsert200ms/SnapshotPoll-14,20000,4015.0,43.0,0.2417,990.0,0.0,9.995,9.995,22.0,128.0,0.0,0.0,0.0,203566.0,1.0,1010129.0,1000.0,0.1,6994.0,6454.0,265.8,167.7,6956.0,6148.0,33.58,771.8,12274.0,11565.0,2301.0,288.3,12230.0,10782.0,71.08,12.0,3077.0,0.0,0.0,2001.0,0.0,16.0,990.1,0.2417
snapshot-faults.txt,BenchmarkSnapshotJournalFaults/AfterInsert200ms/SequencePoll-14,20000,4738.0,44.0,0.2417,990.0,0.0,,24.59,23.0,128.0,0.0,20.0,0.0,202789.0,,1010090.0,1000.0,14.48,7320.0,6749.0,269.7,177.7,7286.0,6457.0,31.38,791.6,191621.0,190077.0,862.1,312.5,191587.0,189803.0,69.83,128.0,1645.0,149.0,0.0,,,16.0,990.0,0.2417
snapshot-faults.txt,BenchmarkSnapshotJournalFaults/AfterInsert200ms/SequencePoll-14,20000,4746.0,44.0,0.2417,989.9,0.005,,24.85,24.0,128.0,0.0,19.0,0.0,204391.0,,1010170.0,1000.0,14.49,6979.0,6432.0,273.5,169.2,6944.0,6153.0,33.5,781.9,191582.0,190026.0,1738.0,338.0,191549.0,189717.0,80.17,128.0,2561.0,146.0,0.0,,,16.0,990.0,0.2417
snapshot-faults.txt,BenchmarkSnapshotJournalFaults/AfterInsert200ms/SequencePoll-14,20000,4746.0,44.0,0.2416,989.8,0.0,,24.92,31.0,128.0,0.0,19.0,0.0,208019.0,,1010351.0,1000.0,14.84,7043.0,6496.0,262.0,166.0,7001.0,6158.0,35.5,771.1,191591.0,190028.0,7978.0,596.2,191558.0,189749.0,10869.0,128.0,10220.0,143.0,0.0,,,16.0,990.1,0.2417
snapshot-keys.txt,BenchmarkSnapshotJournalKeys/Keys256/SnapshotPollPipelined-14,100000,4197.0,51.0,1.891,7747.0,0.0,77.58,77.58,2.0,128.0,0.0,0.0,0.0,,6.0,129084.0,,,,9443.0,993.4,991.2,10465.0,8433.0,,2021.0,,18886.0,1648.0,1645.0,20010.0,17718.0,,88.0,2921.0,0.0,0.0,1289.0,0.0,16.0,7751.0,1.892
snapshot-keys.txt,BenchmarkSnapshotJournalKeys/Keys256/SequencePollPipelined-14,100000,4098.0,51.0,1.881,7706.0,0.036,,77.23,2.0,128.0,0.0,143.0,0.0,,,129765.0,,,,6284.0,997.5,995.5,7311.0,5263.0,,2026.0,,11380.0,2080.0,2080.0,12478.0,10186.0,,87.0,3464.0,0.0,0.0,,,16.0,7709.0,1.882
snapshot-keys.txt,BenchmarkSnapshotJournalKeys/Keys1/SnapshotPollPipelined-14,100000,4292.0,53.0,0.5162,2114.0,0.0,21.17,21.17,2.0,128.0,0.0,0.0,0.0,,4.0,472930.0,,,,6773.0,471.1,468.2,9240.0,6302.0,,983.3,,11869.0,692.0,689.2,72571.0,11324.0,,23.0,65449.0,0.0,0.0,4724.0,0.0,16.0,2115.0,0.5163
snapshot-keys.txt,BenchmarkSnapshotJournalKeys/Keys1/SequencePollPipelined-14,100000,4305.0,51.0,0.5132,2102.0,0.204,,21.04,7.0,128.0,0.0,0.0,0.0,,,475755.0,,,,5495.0,463.3,460.4,8012.0,5009.0,,945.8,,10416.0,1632.0,1628.0,74063.0,9875.0,,24.0,68764.0,0.0,0.0,,,16.0,2102.0,0.5133
